InductedToHallOfFame,OnHallOfFameBallot,FullPlayerName,YearsPlayed,AB,R,H,Doubles,Triples,HR,RBI,SB,BattingAverage,SluggingPct,AllStarAppearances,TB,TotalPlayerAwards,LastYearPlayed,ID
FALSE,FALSE,Craig Grebeck,12,1988,239,518,116,8,19,187,4,.261,.356,0,707,0,2001,grebecr01
FALSE,FALSE,Forrest Cady,7,901,83,216,47,11,1,74,4,.240,.320,0,288,0,1919,cadyhi01
FALSE,FALSE,Craig Monroe,9,2691,368,678,146,9,115,433,19,.252,.441,0,1187,0,2009,monrocr01
FALSE,FALSE,Brook Fordyce,10,1807,172,467,103,4,41,188,8,.258,.388,0,701,0,2004,fordybr01
FALSE,FALSE,Aaron Ward,12,3611,457,966,158,54,50,447,36,.268,.383,0,1382,0,1928,wardaa01
FALSE,FALSE,Troy O'Leary,11,4010,547,1100,234,40,127,591,17,.274,.448,0,1795,0,2003,oleartr01
FALSE,FALSE,Lee Maye,13,4048,533,1109,190,39,94,419,59,.274,.410,0,1659,0,1971,mayele01
FALSE,FALSE,Hub Walker,5,779,117,205,43,6,5,60,26,.263,.353,0,275,0,1945,walkehu01
FALSE,FALSE,Billy Ripken,12,2729,287,674,121,6,20,229,25,.247,.318,0,867,0,1998,ripkebi01
FALSE,FALSE,Dale Sveum,12,2526,305,597,125,13,69,340,10,.236,.378,0,955,0,1999,sveumda01
FALSE,FALSE,George Myatt,7,1345,220,381,44,14,4,99,72,.283,.346,0,465,0,1947,myattge01
FALSE,FALSE,Dusty Cooke,8,1745,324,489,109,28,24,229,32,.280,.416,0,726,0,1938,cookedu01
FALSE,FALSE,Ted Gullic,2,612,73,151,25,8,9,79,7,.247,.358,0,219,0,1933,gullite01
FALSE,FALSE,Spike Shannon,5,2613,383,677,49,15,3,183,145,.259,.293,0,765,0,1908,shannsp01
FALSE,FALSE,Dee Miles,7,1467,175,411,53,24,2,143,15,.280,.353,0,518,0,1943,milesde01
FALSE,FALSE,Frank Torre,7,1482,150,404,78,15,13,179,4,.273,.372,0,551,0,1963,torrefr01
FALSE,FALSE,Fred Luderus,12,4851,570,1344,251,54,84,642,55,.277,.403,0,1955,0,1920,luderfr01
FALSE,FALSE,Frank Welch,9,2310,310,634,100,31,41,295,18,.274,.398,0,919,0,1927,welchfr01
FALSE,FALSE,Doug Mientkiewicz,12,3312,422,899,221,11,66,405,14,.271,.405,0,1340,1,2009,mientdo01
FALSE,FALSE,Heinie Zimmerman,13,5304,695,1566,275,105,58,796,175,.295,.419,0,2225,5,1919,zimmehe01
FALSE,FALSE,Marv Foley,5,419,37,94,10,0,12,51,0,.224,.334,0,140,0,1984,foleyma01
FALSE,FALSE,Freddie Benavides,4,534,53,135,26,5,4,52,4,.253,.343,0,183,0,1994,benavfr01
FALSE,FALSE,Matt Mieske,8,1547,225,406,78,10,56,226,7,.262,.434,0,672,0,2000,mieskma01
FALSE,FALSE,Ricky Otero,3,613,79,157,19,9,2,36,18,.256,.326,0,200,0,1997,oterori01
FALSE,FALSE,Dick Cox,2,832,121,261,40,14,8,109,10,.314,.424,0,353,0,1926,coxdi01
FALSE,FALSE,Dave Rader,10,2405,254,619,107,12,30,235,8,.257,.349,0,840,1,1980,raderda01
FALSE,FALSE,Babe Dahlgren,12,4045,470,1056,174,37,82,569,18,.261,.383,1,1550,0,1946,dahlgba01
FALSE,FALSE,Tony Smith,3,500,46,90,12,2,1,26,13,.180,.218,0,109,0,1911,smithto03
FALSE,FALSE,Brian Buchanan,5,767,105,198,37,3,32,103,9,.258,.439,0,337,0,2004,buchabr01
FALSE,FALSE,Vern Duncan,3,1100,170,307,39,12,4,97,32,.279,.347,0,382,0,1915,duncave01
FALSE,FALSE,Damon Mashore,3,482,88,120,23,3,8,41,10,.249,.359,0,173,0,1998,mashoda01
FALSE,FALSE,Dave Pope,4,551,75,146,19,7,12,73,7,.265,.390,0,215,0,1956,popeda01
FALSE,FALSE,Irish Meusel,11,4900,701,1521,250,93,106,819,113,.310,.464,0,2275,0,1927,meuseir01
FALSE,FALSE,Andres Mora,4,700,71,156,27,2,27,83,1,.223,.383,0,268,0,1980,moraan01
FALSE,FALSE,Bill Serena,6,1239,154,311,57,16,48,198,2,.251,.439,0,544,0,1954,serenbi01
FALSE,FALSE,Bubba Trammell,7,1798,243,469,96,7,82,285,10,.261,.459,0,825,0,2003,trammbu01
FALSE,FALSE,Dave Campbell,8,1252,128,267,54,4,20,89,29,.213,.311,0,389,0,1974,campbda01
FALSE,FALSE,Mike Slattery,5,1481,229,372,44,21,8,135,53,.251,.325,0,482,0,1891,slattmi01
FALSE,FALSE,Lonny Frey,14,5517,848,1482,263,69,61,549,105,.269,.374,3,2066,1,1948,freylo01
FALSE,FALSE,Jim Pagliaroni,11,2465,269,622,98,7,90,326,4,.252,.407,0,1004,0,1969,pagliji01
FALSE,FALSE,Billy Zitzmann,6,1004,197,268,38,11,3,89,42,.267,.336,0,337,0,1929,zitzmbi01
FALSE,FALSE,Casey Kotchman,10,3071,322,799,157,7,71,388,14,.260,.385,0,1183,0,2013,kotchca01
FALSE,FALSE,Chris Gomez,16,4604,517,1206,234,18,60,487,35,.262,.360,0,1656,0,2008,gomezch02
FALSE,FALSE,Lance Richbourg,8,2619,378,806,101,51,13,247,65,.308,.400,0,1048,0,1932,richbla01
FALSE,FALSE,Bob Talbot,2,433,50,107,15,5,1,19,4,.247,.312,0,135,0,1954,talbobo01
FALSE,FALSE,Carmelo Castillo,10,1519,190,383,71,8,55,197,15,.252,.418,0,635,0,1991,castica01
FALSE,FALSE,Eric Valent,5,406,50,95,20,2,13,37,0,.234,.389,0,158,0,2005,valener01
FALSE,FALSE,Julio Lugo,12,4758,688,1279,238,34,80,475,198,.269,.384,0,1825,1,2011,lugoju01
FALSE,FALSE,Jay Clarke,9,1536,157,390,64,20,6,127,16,.254,.333,0,512,0,1920,clarkni01
FALSE,FALSE,Gene Moore,14,3543,497,958,179,53,58,436,31,.270,.400,1,1417,0,1945,moorege03
FALSE,FALSE,Dick Bertell,7,1310,91,327,34,9,10,112,2,.250,.312,0,409,0,1967,bertedi01
FALSE,FALSE,Dixie Howell,8,910,98,224,39,4,12,93,1,.246,.337,0,307,0,1956,howeldi02
FALSE,FALSE,Evan Gattis,6,2443,299,605,116,12,139,410,3,.248,.476,0,1162,3,2018,gattiev01
FALSE,FALSE,Scott Hairston,11,2431,300,589,133,17,106,313,36,.242,.442,0,1074,0,2014,hairssc01
FALSE,FALSE,Marlon Byrd,15,5579,740,1534,311,39,159,710,56,.275,.430,1,2400,2,2016,byrdma01
FALSE,FALSE,Garry Jestadt,3,454,33,118,18,1,6,36,1,.260,.344,0,156,0,1972,jestaga01
FALSE,FALSE,Brant Alyea,6,866,100,214,33,2,38,148,5,.247,.421,0,365,0,1972,alyeabr01
FALSE,FALSE,Michael Barrett,12,3512,398,925,220,21,98,424,11,.263,.422,0,1481,2,2009,barremi01
FALSE,FALSE,Ernie Riles,9,2504,309,637,92,20,48,284,20,.254,.365,0,913,0,1993,rileser01
FALSE,FALSE,Homer Ezzell,3,742,106,196,20,8,0,61,25,.264,.313,0,232,0,1925,ezzelho01
FALSE,FALSE,Winston Llenas,6,531,50,122,17,0,3,61,0,.230,.279,0,148,0,1975,llenawi01
FALSE,FALSE,Arnold Hauser,5,1468,180,349,33,20,6,137,68,.238,.300,0,440,0,1915,hausear01
FALSE,FALSE,Clarence Huber,4,854,95,225,47,13,6,93,12,.263,.370,0,316,0,1926,hubercl01
FALSE,FALSE,Rafael Landestoy,8,1230,134,291,32,17,4,83,54,.237,.300,0,369,1,1984,landera01
FALSE,FALSE,Mickey Livingston,10,1490,128,354,56,9,19,153,7,.238,.326,0,485,0,1951,livinmi01
FALSE,FALSE,Pete O'Brien,12,5437,654,1421,254,21,169,736,24,.261,.409,0,2224,2,1993,obriepe03
FALSE,FALSE,Count Campau,3,572,97,153,14,15,10,93,63,.267,.397,0,227,0,1894,campaco01
FALSE,FALSE,Henry Blanco,16,2761,274,615,145,11,72,298,6,.223,.361,0,998,0,2013,blanche01
FALSE,FALSE,Chris Shelton,5,930,132,254,46,7,37,124,2,.273,.457,0,425,1,2009,sheltch01
FALSE,FALSE,Jay Payton,12,4154,561,1157,193,30,119,522,47,.279,.425,0,1767,2,2010,paytoja01
FALSE,FALSE,Alex Gaston,6,514,58,112,13,6,3,40,5,.218,.284,0,146,0,1929,gastoal01
FALSE,FALSE,Kermit Wahl,5,642,58,145,23,6,3,50,3,.226,.294,0,189,0,1951,wahlke01
FALSE,FALSE,Topper Rigney,6,2326,324,669,113,39,13,315,44,.288,.387,0,899,0,1927,rigneto01
FALSE,FALSE,Hector Cruz,9,1607,186,361,71,9,39,200,7,.225,.353,0,567,0,1982,cruzhe01
FALSE,FALSE,Al Ferrara,8,1382,148,358,60,7,51,198,0,.259,.423,0,585,0,1971,ferraal01
FALSE,FALSE,Matt Kata,5,695,89,166,37,9,12,63,9,.239,.370,0,257,0,2009,katama01
FALSE,FALSE,Joe Lis,8,780,96,182,31,1,32,92,1,.233,.399,0,311,0,1977,lisjo01
FALSE,FALSE,Jim Manning,5,1384,188,298,39,25,8,149,68,.215,.297,0,411,0,1889,manniji01
FALSE,FALSE,Marcus Giles,7,2934,468,813,187,16,76,333,70,.277,.429,1,1260,1,2007,gilesma01
FALSE,FALSE,Benny Ayala,10,865,114,217,42,1,38,145,2,.251,.434,0,375,0,1985,ayalabe01
FALSE,FALSE,Jason Bartlett,10,3141,435,849,156,26,31,286,123,.270,.366,1,1150,0,2014,bartlja01
FALSE,FALSE,Jacob Brumfield,7,1575,260,404,91,14,32,162,74,.257,.393,0,619,0,1999,brumfja01
FALSE,FALSE,Don Buddin,6,2289,342,551,123,12,41,225,15,.241,.359,0,821,0,1962,buddido01
FALSE,FALSE,Ham Schulte,1,436,44,103,18,2,1,21,3,.236,.294,0,128,0,1940,schulha01
FALSE,FALSE,Al Boucher,1,516,62,119,26,4,2,49,13,.231,.308,0,159,0,1914,bouchal01
FALSE,FALSE,Edgardo Alfonzo,12,5385,777,1532,282,18,146,744,53,.284,.425,1,2288,2,2006,alfoned01
FALSE,FALSE,J. C. Martin,14,2189,189,487,82,12,32,230,9,.222,.315,0,689,0,1972,martijc01
FALSE,FALSE,Shane Spencer,7,1671,208,438,84,8,59,242,13,.262,.428,0,715,1,2004,spencsh01
FALSE,FALSE,Jimmy Knowles,5,1388,185,334,40,28,9,132,83,.241,.329,0,457,0,1892,knowlji01
FALSE,FALSE,Olmedo Saenz,9,1663,226,438,106,5,73,275,3,.263,.465,0,773,0,2007,saenzol01
FALSE,FALSE,Tillie Walker,13,5067,696,1423,244,71,118,679,129,.281,.427,0,2163,0,1923,walketi01
FALSE,FALSE,Lou Guisto,5,449,35,88,19,3,0,59,5,.196,.252,0,113,0,1923,guistlo01
FALSE,FALSE,Mike Mowrey,13,4291,485,1099,183,54,7,461,167,.256,.329,0,1411,0,1917,mowremi01
FALSE,FALSE,Jordan Schafer,6,1292,171,295,48,9,12,85,103,.228,.307,0,397,0,2015,schafjo02
FALSE,FALSE,Spook Jacobs,3,665,87,164,16,1,0,33,22,.247,.274,0,182,0,1956,jacobsp01
FALSE,FALSE,Rich Rollins,10,3303,419,887,125,20,77,399,17,.269,.388,1,1283,0,1970,rolliri01
FALSE,FALSE,Owen Wilson,9,4624,520,1246,157,114,59,571,98,.269,.391,0,1808,1,1916,wilsoch01
FALSE,FALSE,Alex McCarthy,8,1335,136,306,34,11,5,122,23,.229,.282,0,377,0,1917,mccaral01
FALSE,FALSE,Gordon Goldsberry,4,510,78,123,20,7,6,56,2,.241,.343,0,175,0,1952,goldsgo01
FALSE,FALSE,Pete Mackanin,9,1570,161,355,63,12,30,141,27,.226,.339,0,532,0,1981,mackape01
FALSE,FALSE,Ruben Amaro,8,927,99,218,43,9,16,100,15,.235,.353,0,327,0,1998,amaroru02
FALSE,FALSE,Bob Ganley,5,2129,246,540,44,24,2,123,112,.254,.300,0,638,0,1909,ganlebo01
FALSE,FALSE,Dick Egan,9,3080,374,767,87,29,4,292,167,.249,.300,0,924,0,1916,egandi01
FALSE,FALSE,Dee Brown,8,814,86,190,37,1,14,89,8,.233,.333,0,271,0,2007,brownde02
FALSE,FALSE,Jesse Hill,3,959,175,277,53,12,6,108,43,.289,.388,0,372,0,1937,hillje01
FALSE,FALSE,Alejandro De Aza,10,2575,367,669,131,33,51,258,91,.260,.396,0,1019,1,2017,deazaal01
FALSE,FALSE,Jimmy Smith,8,1127,119,247,32,15,12,108,18,.219,.306,0,345,0,1922,smithji01
FALSE,FALSE,Bobby Mattick,5,690,54,161,31,1,0,64,7,.233,.281,0,194,0,1942,mattibo01
FALSE,FALSE,Mike Fitzgerald,10,2316,220,545,95,9,48,293,31,.235,.346,0,802,0,1992,fitzgmi02
FALSE,FALSE,Johnny Pramesa,4,526,29,141,17,3,13,59,0,.268,.386,0,203,0,1952,pramejo01
FALSE,FALSE,Brock Davis,6,543,48,141,12,5,1,43,7,.260,.306,0,166,0,1972,davisbr02
FALSE,FALSE,Fred Merkle,16,5782,720,1580,290,82,61,733,272,.273,.383,0,2217,0,1926,merklfr01
FALSE,FALSE,David Green,6,1398,168,374,48,18,31,180,68,.268,.394,0,551,0,1987,greenda03
FALSE,FALSE,Angel Berroa,9,2575,329,665,118,21,46,254,50,.258,.374,0,963,3,2009,berroan01
FALSE,FALSE,Chris Young,13,4710,668,1109,288,24,191,590,142,.235,.428,1,2018,5,2018,youngch04
FALSE,FALSE,Dustin Ackley,6,2125,261,512,94,18,46,216,31,.241,.367,0,780,0,2016,ackledu01
FALSE,FALSE,Bert Tooley,2,698,89,151,17,8,3,66,30,.216,.277,0,193,0,1912,toolebe01
FALSE,FALSE,Bill Coughlin,9,3854,481,972,133,39,15,380,159,.252,.319,0,1228,0,1908,coughbi01
FALSE,FALSE,Bid McPhee,18,8304,1684,2258,303,189,53,1072,568,.272,.373,0,3098,0,1899,mcphebi01
FALSE,FALSE,Mike Heydon,7,619,52,111,19,6,2,53,12,.179,.239,0,148,0,1907,heydomi01
FALSE,FALSE,Ivan de Jesus,15,4602,595,1167,175,48,21,324,194,.254,.326,0,1501,0,1988,dejesiv01
FALSE,FALSE,Adrian Brown,9,1134,166,293,44,8,11,86,45,.258,.340,0,386,0,2006,brownad01
FALSE,FALSE,Al Bridwell,11,4169,457,1064,95,32,2,348,136,.255,.295,0,1229,0,1915,bridwal01
FALSE,FALSE,Rudy Meoli,6,626,69,133,20,4,2,40,10,.212,.267,0,167,0,1979,meoliru01
FALSE,FALSE,Dioner Navarro,13,3207,322,802,142,6,77,367,14,.250,.370,1,1187,0,2016,navardi01
FALSE,FALSE,Darrin Fletcher,14,3902,377,1048,214,8,124,583,2,.269,.423,1,1650,0,2002,fletcda01
FALSE,FALSE,Bob Stinson,12,1634,166,408,61,7,33,180,8,.250,.356,0,582,1,1980,stinsbo01
FALSE,FALSE,Rick Sofield,3,612,69,149,25,4,9,66,9,.243,.342,0,209,0,1981,sofieri01
FALSE,FALSE,John Kane,4,824,118,181,21,11,7,59,53,.220,.297,0,245,0,1910,kanejo01
FALSE,FALSE,Bob Smith,5,826,88,192,29,4,21,107,11,.232,.354,0,292,0,2002,smithbo06
FALSE,FALSE,John Richmond,8,1725,239,410,45,28,5,83,1,.238,.305,0,526,0,1885,richmjo01
FALSE,FALSE,Gabe Gross,7,1461,203,349,78,8,40,186,22,.239,.385,0,563,0,2010,grossga01
FALSE,FALSE,Max Flack,12,5252,783,1461,212,72,35,391,200,.278,.366,0,1922,0,1925,flackma01
FALSE,FALSE,Ben Conroy,1,404,45,69,13,1,0,21,17,.171,.208,0,84,0,1890,conrobe01
FALSE,FALSE,Rob Andrews,5,1454,174,365,30,15,3,91,33,.251,.298,0,434,1,1979,andrero01
FALSE,FALSE,Johnny Grabowski,7,816,84,206,25,8,3,86,1,.252,.314,0,256,0,1931,grabojo01
FALSE,FALSE,Kelby Tomlinson,4,618,77,164,18,7,3,47,19,.265,.332,0,205,0,2018,tomlike01
FALSE,FALSE,Joe Harris,10,3035,461,963,201,64,47,517,36,.317,.472,0,1433,0,1928,harrijo03
FALSE,FALSE,Rip Repulski,9,3088,407,830,153,23,106,416,25,.269,.436,1,1347,0,1961,repulri01
FALSE,FALSE,Ryan Roberts,9,1500,205,365,71,4,46,169,35,.243,.388,0,582,0,2014,roberry01
FALSE,FALSE,Hank Blalock,9,3567,507,959,198,17,153,542,14,.269,.463,2,1650,1,2010,blaloha01
FALSE,FALSE,Bobby Wine,12,3172,249,682,104,16,30,268,7,.215,.286,0,908,1,1972,winebo01
FALSE,FALSE,Matty McIntyre,10,3958,562,1066,140,69,4,319,120,.269,.343,0,1356,0,1912,mcintma01
FALSE,FALSE,Snuffy Stirnweiss,10,3695,604,989,157,68,29,281,134,.268,.371,2,1369,5,1952,stirnsn01
FALSE,FALSE,Hal Smith,10,2682,269,715,148,10,58,323,7,.267,.394,0,1057,0,1964,smithha08
FALSE,FALSE,Matt Murton,5,952,134,272,46,5,29,112,10,.286,.436,0,415,0,2009,murtoma01
FALSE,FALSE,Verne Clemons,7,1271,78,364,56,11,5,140,6,.286,.360,0,457,0,1924,clemove01
FALSE,FALSE,J. R. Phillips,7,501,52,94,19,1,23,67,2,.188,.367,0,184,0,1999,philljr01
FALSE,FALSE,Dave Nicholson,7,1419,184,301,32,12,61,179,6,.212,.381,0,540,0,1967,nichoda01
FALSE,FALSE,Dave Fultz,7,2393,369,648,84,26,3,223,189,.271,.331,0,793,0,1905,fultzda01
FALSE,FALSE,Humberto Quintero,12,1346,95,315,61,2,20,127,1,.234,.327,0,440,0,2014,quinthu01
FALSE,FALSE,Don Kolloway,12,3993,466,1081,180,30,29,393,76,.271,.353,0,1408,0,1953,kollodo01
FALSE,FALSE,Geronimo Berroa,11,2506,379,692,113,9,101,382,19,.276,.449,0,1126,2,2000,berroge01
FALSE,FALSE,Lonnie Chisenhall,8,2159,261,578,132,10,64,296,20,.268,.427,0,922,1,2018,chiselo01
FALSE,FALSE,Luis Rivera,11,2215,249,516,114,12,28,209,20,.233,.333,0,738,0,1998,riverlu01
FALSE,FALSE,Gary Allenson,7,1061,114,235,49,2,19,131,3,.221,.325,0,345,0,1985,allenga01
FALSE,FALSE,Oscar Melillo,12,5063,590,1316,210,64,22,548,69,.260,.340,0,1720,1,1937,melilsk01
FALSE,FALSE,Dan Lally,2,502,81,134,22,7,3,59,12,.267,.357,0,179,0,1897,lallyda01
FALSE,FALSE,Jack Lohrke,7,914,125,221,38,9,22,96,9,.242,.375,0,343,0,1953,lohrkja01
FALSE,FALSE,Terry Whitfield,10,1913,233,537,93,12,33,179,18,.281,.394,0,753,0,1986,whitfte01
FALSE,FALSE,Frank Fernandez,6,727,92,145,21,2,39,116,4,.199,.395,0,287,0,1972,fernafr01
FALSE,FALSE,Joe Stripp,11,4211,575,1238,219,43,24,464,50,.294,.384,0,1615,0,1938,stripjo01
FALSE,FALSE,Jud Birchall,3,1007,196,254,24,4,1,51,0,.252,.287,0,289,0,1884,birchju01
FALSE,FALSE,Chris Hoiles,10,2820,415,739,122,2,151,449,5,.262,.467,0,1318,3,1998,hoilech01
FALSE,FALSE,Mike Bordick,14,5770,676,1500,257,30,91,626,96,.260,.362,2,2090,0,2003,bordimi01
FALSE,FALSE,Charlie Spikes,9,2039,240,502,72,12,65,256,27,.246,.389,0,793,0,1980,spikech01
FALSE,FALSE,Doug Griffin,8,2136,209,524,70,12,7,165,33,.245,.299,0,639,1,1977,griffdo01
FALSE,FALSE,Curt Blefary,8,2947,394,699,104,20,112,382,24,.237,.400,0,1179,2,1972,blefacu01
FALSE,FALSE,Jerry Dybzinski,6,909,108,213,32,5,3,93,32,.234,.290,0,264,0,1985,dybzije01
FALSE,FALSE,Chuck Carr,8,1713,254,435,81,7,13,123,144,.254,.332,0,569,0,1997,carrch02
FALSE,FALSE,Kim Batiste,5,658,59,154,23,1,10,64,4,.234,.318,0,209,0,1996,batiski01
FALSE,FALSE,Junior Kennedy,7,1041,114,258,29,6,4,95,12,.248,.299,0,311,0,1983,kenneju01
FALSE,FALSE,Chuck Essegian,6,1018,139,260,45,4,47,150,0,.255,.446,0,454,0,1963,essegch01
FALSE,FALSE,Al Weis,10,1578,195,346,45,11,7,115,55,.219,.275,0,434,1,1971,weisal01
FALSE,FALSE,Neil Chrisley,5,619,60,130,22,8,16,64,3,.210,.349,0,216,0,1961,chrisne01
FALSE,FALSE,Don Slaught,16,4063,415,1151,235,28,77,476,18,.283,.412,0,1673,0,1997,slaugdo01
FALSE,FALSE,Butch Huskey,7,2078,259,555,98,4,86,336,21,.267,.442,0,919,0,2000,huskebu01
FALSE,FALSE,Glenn Adams,8,1617,152,452,79,5,34,225,6,.280,.398,0,643,0,1982,adamsgl01
FALSE,FALSE,Danny Murtaugh,9,2599,263,661,97,21,8,219,49,.254,.317,0,824,0,1951,murtada01
FALSE,FALSE,William Barbeau,4,712,96,160,25,8,0,46,39,.225,.282,0,201,0,1910,barbeja01
FALSE,FALSE,Denny Sullivan,4,925,106,221,25,8,1,51,20,.239,.286,0,265,0,1909,sullide02
FALSE,FALSE,Bobby Klaus,2,590,65,123,25,4,6,29,5,.208,.295,0,174,0,1965,klausbo01
FALSE,FALSE,Billy Hitchcock,9,2249,231,547,67,22,5,257,15,.243,.299,0,673,0,1953,hitchbi01
FALSE,FALSE,Ray Pepper,5,1015,109,285,46,10,14,170,2,.281,.387,0,393,0,1936,peppera01
FALSE,FALSE,Al DeVormer,5,477,50,123,20,5,2,57,7,.258,.333,0,159,0,1927,devoral01
FALSE,FALSE,Johnny Ostrowski,7,561,73,131,20,9,14,74,7,.234,.376,0,211,0,1950,ostrojo01
FALSE,FALSE,Tracy Jones,6,1303,173,356,56,6,27,164,62,.273,.388,0,505,0,1991,jonestr01
FALSE,FALSE,Jim Piersall,17,5890,811,1604,256,52,104,591,115,.272,.386,2,2276,2,1967,piersji01
FALSE,FALSE,Frank Doljack,6,561,68,151,31,7,9,85,8,.269,.398,0,223,0,1943,doljafr01
FALSE,FALSE,Tom Daly,8,540,49,129,17,3,0,55,5,.239,.281,0,152,0,1921,dalyto02
FALSE,FALSE,Bobby Brown,8,1619,233,452,62,14,22,237,9,.279,.376,0,608,0,1954,brownbo03
FALSE,FALSE,Bob Ramazzotti,7,851,86,196,22,9,4,53,15,.230,.291,0,248,0,1953,ramazbo01
FALSE,FALSE,Tim Corcoran,9,1050,120,283,46,4,12,128,4,.270,.355,0,373,0,1986,corcoti01
FALSE,FALSE,Leech Maskrey,5,1601,190,360,52,26,2,94,4,.225,.294,0,470,0,1886,maskrle01
FALSE,FALSE,Alex Ochoa,8,2143,320,597,131,19,46,261,56,.279,.422,0,904,1,2002,ochoaal01
FALSE,FALSE,Donnie Murphy,9,838,102,178,46,4,33,119,7,.212,.395,0,331,0,2014,murphdo01
FALSE,FALSE,Hank Simon,2,539,100,144,22,14,2,61,35,.267,.371,0,200,0,1890,simonha01
FALSE,FALSE,Woody Woodward,9,2187,208,517,79,14,1,148,14,.236,.287,0,627,0,1971,woodwwo01
FALSE,FALSE,Jeff Abbott,5,596,82,157,33,2,18,83,6,.263,.416,0,248,0,2001,abbotje01
FALSE,FALSE,Earl Sheely,9,4471,572,1340,244,27,48,747,33,.300,.399,0,1782,0,1931,sheelea01
FALSE,FALSE,Otis Clymer,6,1330,182,355,42,19,2,98,83,.267,.332,0,441,0,1913,clymeot01
FALSE,FALSE,Vic Correll,8,1132,124,259,60,4,29,125,2,.229,.366,0,414,0,1980,correvi01
FALSE,FALSE,Ernie Burch,3,768,134,200,30,10,4,105,31,.260,.341,0,262,0,1887,burcher01
FALSE,FALSE,Ted Kubiak,10,2447,238,565,61,21,13,202,13,.231,.289,0,707,0,1976,kubiate01
FALSE,FALSE,Ken Harrelson,9,2941,374,703,94,14,131,421,53,.239,.414,1,1218,3,1971,harreke01
FALSE,FALSE,Merv Shea,11,1197,105,263,39,7,5,115,8,.220,.277,0,331,0,1944,sheame01
FALSE,FALSE,Mike Menosky,9,2465,382,685,98,38,18,252,90,.278,.370,0,913,0,1923,menosmi01
FALSE,FALSE,Jim Bucher,7,1792,242,474,66,19,17,193,19,.265,.351,0,629,0,1945,bucheji01
FALSE,FALSE,Steve Cox,4,1239,146,324,72,2,39,158,8,.262,.417,0,517,0,2002,coxst01
FALSE,FALSE,Mark Salas,8,1292,142,319,49,10,38,143,3,.247,.389,0,502,0,1991,salasma01
FALSE,FALSE,Mike Lum,15,3554,404,877,128,20,90,431,13,.247,.370,0,1315,0,1981,lummi01
FALSE,FALSE,Lynn Jones,8,947,109,239,34,5,7,91,13,.252,.321,0,304,0,1986,jonesly01
FALSE,FALSE,Ray Schmandt,6,1054,122,284,36,13,3,122,11,.269,.337,0,355,0,1922,schmara01
FALSE,FALSE,JD Closser,3,447,46,107,21,3,10,48,1,.239,.367,0,164,0,2006,clossjd01
FALSE,FALSE,Tex McDonald,4,1019,131,304,45,27,13,135,34,.298,.434,0,442,0,1915,mcdonte01
FALSE,FALSE,Jose Uribe,10,3064,307,738,99,34,19,219,74,.241,.314,0,962,0,1993,uribejo01
FALSE,FALSE,Benny Zientara,4,906,106,230,29,5,2,49,5,.254,.304,0,275,0,1948,zientbe01
FALSE,FALSE,Carl Everett,14,4809,707,1304,258,26,202,792,107,.271,.462,3,2220,3,2006,evereca01
FALSE,FALSE,Rolando Roomes,3,406,45,103,18,6,9,42,12,.254,.394,0,160,0,1990,roomero01
FALSE,FALSE,Al Pilarcik,6,1614,205,413,66,7,22,143,41,.256,.346,0,559,0,1961,pilaral01
FALSE,FALSE,Red Downs,3,790,67,179,30,11,3,94,13,.227,.304,0,240,0,1912,downsre01
FALSE,FALSE,Sid Farrar,8,3573,497,905,157,53,18,412,92,.253,.342,0,1222,0,1890,farrasi01
FALSE,FALSE,Billy Sullivan,12,2840,347,820,152,32,29,388,30,.289,.395,0,1123,0,1947,sullibi04
FALSE,FALSE,Klondike Douglass,9,2800,368,766,85,29,10,275,84,.274,.335,0,939,0,1904,douglkl01
FALSE,FALSE,Mike Scioscia,13,4373,398,1131,198,12,68,446,29,.259,.356,2,1557,1,1992,sciosmi01
FALSE,FALSE,Tripp Cromer,8,524,54,118,22,1,12,48,0,.225,.340,0,178,0,2003,crometr01
FALSE,FALSE,Mike Aviles,10,3009,380,786,139,13,60,306,78,.261,.376,0,1131,1,2017,avilemi01
FALSE,FALSE,Tyler Collins,4,502,53,118,17,7,14,58,3,.235,.380,0,191,0,2017,collity01
FALSE,FALSE,Fred Hartman,6,2242,297,623,77,47,10,333,88,.278,.368,0,824,0,1902,hartmfr01
FALSE,FALSE,Junior Spivey,5,1553,258,419,90,12,48,201,32,.270,.436,1,677,0,2005,spiveju01
FALSE,FALSE,Chile Gomez,3,627,56,142,9,3,0,50,3,.226,.250,0,157,0,1942,gomezch01
FALSE,FALSE,Ted Cox,5,771,65,189,29,1,10,79,3,.245,.324,0,250,0,1981,coxte02
FALSE,FALSE,Casey McGehee,8,2798,285,721,141,6,67,380,7,.258,.384,0,1075,4,2016,mcgehca01
FALSE,FALSE,Willard Hershberger,3,402,41,127,16,5,0,70,2,.316,.381,0,153,0,1940,hershwi01
FALSE,FALSE,Eric Hinske,12,3797,549,947,240,18,137,522,61,.249,.430,0,1634,4,2013,hinsker01
FALSE,FALSE,Nelson Norman,6,429,42,95,12,3,0,25,4,.221,.263,0,113,0,1987,normane01
FALSE,FALSE,Luis Sojo,13,2571,300,671,103,12,36,261,28,.261,.352,0,906,0,2003,sojolu01
FALSE,FALSE,Johnny Berardino,11,3028,334,755,167,23,36,387,27,.249,.355,0,1076,0,1952,berarjo01
FALSE,FALSE,Joe Gaines,7,771,104,186,25,9,21,95,14,.241,.379,0,292,0,1966,gainejo01
FALSE,FALSE,Blake Swihart,5,639,98,155,28,4,12,67,10,.243,.355,0,227,0,2019,swihabl01
FALSE,FALSE,Jason Bates,4,677,88,162,38,5,12,69,5,.239,.363,0,246,0,1998,batesja01
FALSE,FALSE,Billy McMillon,6,601,66,149,35,3,16,93,4,.248,.396,0,238,0,2004,mcmilbi01
FALSE,FALSE,Ed Lennox,6,1383,138,379,70,25,18,185,38,.274,.400,0,553,0,1915,lennoed01
FALSE,FALSE,Burt Shotton,14,4945,746,1338,154,65,9,290,293,.271,.333,0,1649,0,1923,shottbu01
FALSE,FALSE,Dick Burrus,6,1760,206,513,87,12,11,211,18,.291,.373,0,657,0,1928,burrudi01
FALSE,FALSE,Sixto Lezcano,12,4134,560,1122,184,34,148,591,37,.271,.440,0,1818,3,1985,lezcasi01
FALSE,FALSE,Kevin Bell,6,726,74,161,22,9,13,64,5,.222,.331,0,240,0,1982,bellke01
FALSE,FALSE,Geronimo Gil,6,820,67,189,30,0,19,88,2,.230,.337,0,276,0,2007,gilge01
FALSE,FALSE,Phil Weintraub,7,1382,215,407,67,19,32,207,4,.295,.440,0,608,0,1945,weintph01
FALSE,FALSE,Oscar Azocar,3,439,38,99,16,0,5,36,10,.226,.296,0,130,0,1992,azocaos01
FALSE,FALSE,Brent Abernathy,4,868,97,212,36,5,8,79,21,.244,.325,0,282,0,2005,abernbr01
FALSE,FALSE,Gene Richards,8,3549,502,1028,127,63,26,255,247,.290,.383,0,1359,1,1984,richage01
FALSE,FALSE,Stew Hofferth,3,408,30,88,11,1,4,51,1,.216,.277,0,113,0,1946,hoffest01
FALSE,FALSE,Jimmy Esmond,4,1540,204,406,52,34,9,162,61,.264,.359,0,553,0,1915,esmonji01
FALSE,FALSE,Wayne Belardi,6,592,71,143,13,5,28,74,1,.242,.422,0,250,0,1956,belarwa01
FALSE,FALSE,Mark Johnson,8,934,115,204,37,4,16,83,8,.218,.318,0,297,0,2008,johnsma02
FALSE,FALSE,Bernard Gilkey,12,4061,606,1115,244,24,118,546,115,.275,.434,0,1761,0,2001,gilkebe01
FALSE,FALSE,Jose Valentin,16,5539,872,1348,302,41,249,816,136,.243,.448,0,2479,0,2007,valenjo03
FALSE,FALSE,Gus Felix,5,2046,256,561,91,25,12,230,28,.274,.361,0,738,0,1927,felixgu01
FALSE,FALSE,Dave Anderson,10,2026,244,490,73,12,19,143,49,.242,.318,0,644,0,1992,anderda02
FALSE,FALSE,Ed FitzGerald,12,2086,199,542,82,10,19,217,9,.260,.336,0,701,0,1959,fitzged01
FALSE,FALSE,Adam Melhuse,8,735,76,172,40,1,24,98,1,.234,.389,0,286,0,2008,melhuad01
FALSE,FALSE,Benny Meyer,4,1041,146,276,29,17,7,84,46,.265,.346,0,360,0,1925,meyerbe01
FALSE,FALSE,Terry Shumpert,14,1969,295,497,109,26,49,223,85,.252,.409,0,805,0,2003,shumpte01
FALSE,FALSE,Freddy Spurgeon,4,1176,181,335,47,7,1,100,23,.285,.339,0,399,0,1927,spurgfr01
FALSE,FALSE,John Donaldson,6,1225,96,292,35,11,4,86,19,.238,.295,0,361,0,1974,donaljo01
FALSE,FALSE,Ralph Miller,3,557,48,138,24,1,3,54,6,.248,.311,0,173,0,1924,millera03
FALSE,FALSE,Bryan Little,5,922,126,226,37,5,3,77,8,.245,.306,0,282,0,1986,littlbr01
FALSE,FALSE,Ray Berres,11,1330,96,287,37,3,3,78,4,.216,.255,0,339,0,1945,berrera01
FALSE,FALSE,Clete Thomas,4,709,95,165,38,4,13,65,6,.233,.353,0,250,0,2013,thomacl02
FALSE,FALSE,Henry Easterday,4,1129,141,203,23,15,9,92,43,.180,.251,0,283,0,1890,eastehe01
FALSE,FALSE,Freddy Parent,12,4984,633,1306,180,74,20,471,184,.262,.340,0,1694,0,1911,parenfr01
FALSE,FALSE,Jim Lemon,12,3445,446,901,121,35,164,529,13,.262,.460,1,1584,0,1963,lemonji01
FALSE,FALSE,Tom Brookens,12,3865,477,950,175,40,71,431,86,.246,.367,0,1418,1,1990,brookto01
FALSE,FALSE,Morris Nettles,2,469,77,116,15,0,0,31,42,.247,.279,0,131,0,1975,nettlmo01
FALSE,FALSE,George Williams,4,428,62,104,19,2,10,48,0,.243,.367,0,157,0,2000,willige03
FALSE,FALSE,Carl Lind,4,981,131,267,53,5,1,74,9,.272,.339,0,333,0,1930,lindca01
FALSE,FALSE,Ray Sanders,7,2182,321,597,114,19,42,329,8,.274,.401,0,875,2,1949,sandera01
FALSE,FALSE,Ira Flagstead,13,4139,644,1202,262,50,40,450,71,.290,.407,0,1684,0,1930,flagsir01
FALSE,FALSE,Larry Schlafly,4,658,91,158,20,12,5,58,41,.240,.330,0,217,0,1914,schlala01
FALSE,FALSE,Johnny Gooch,11,2363,227,662,98,29,7,293,11,.280,.355,0,839,0,1933,goochjo01
FALSE,FALSE,Jack Hiatt,9,1142,110,287,51,5,22,154,0,.251,.363,0,414,0,1972,hiattja01
FALSE,FALSE,Scott Stahoviak,5,1019,135,261,70,3,27,119,13,.256,.410,0,418,0,1998,stahosc01
FALSE,FALSE,Dick Gernert,11,2493,357,632,104,8,103,402,10,.254,.426,0,1061,0,1962,gernedi01
FALSE,FALSE,Paul Cook,7,1364,172,304,27,9,0,114,52,.223,.256,0,349,0,1891,cookpa01
FALSE,FALSE,Johnny Lazor,4,596,57,157,30,4,6,62,9,.263,.357,0,213,0,1946,lazorjo01
FALSE,FALSE,Jim King,11,2918,374,699,112,19,117,401,23,.240,.411,0,1200,0,1967,kingji01
FALSE,FALSE,Ed Romero,12,1912,218,473,79,1,8,155,9,.247,.302,0,578,0,1990,romered01
FALSE,FALSE,Art Shires,4,986,118,287,45,12,11,119,8,.291,.395,0,389,0,1932,shirear01
FALSE,FALSE,Scott Servais,11,2493,243,611,130,2,63,319,3,.245,.375,0,934,0,2001,servasc01
FALSE,FALSE,Lew Ford,6,1585,235,425,83,10,35,176,48,.268,.399,0,633,1,2012,fordle01
FALSE,FALSE,Mack Jones,10,3091,485,778,132,31,133,415,65,.252,.444,0,1371,0,1971,jonesma01
FALSE,FALSE,Brant Brown,5,1056,142,261,52,11,45,146,15,.247,.445,0,470,0,2000,brownbr01
FALSE,FALSE,Joe Lefebvre,6,1091,139,281,52,13,31,130,11,.258,.414,0,452,0,1986,lefebjo01
FALSE,FALSE,Oscar Robles,3,423,50,110,18,2,5,36,0,.260,.348,0,147,0,2007,robleos01
FALSE,FALSE,Marty Krug,2,489,73,136,25,5,4,67,9,.278,.374,0,183,0,1922,krugma01
FALSE,FALSE,Derrick May,10,2200,244,596,103,10,52,310,30,.271,.398,0,875,0,1999,mayde01
FALSE,FALSE,Jiggs Parrott,4,1330,175,311,35,23,6,152,62,.234,.308,0,410,0,1895,parroji01
FALSE,FALSE,Ivy Griffin,3,638,65,164,21,5,0,39,4,.257,.306,0,195,0,1921,griffiv01
FALSE,FALSE,Cesar Gutierrez,4,545,61,128,13,6,0,26,7,.235,.281,0,153,0,1971,gutiece01
FALSE,FALSE,Hugh High,6,1546,176,386,54,21,3,123,56,.250,.318,0,491,0,1918,highhu01
FALSE,FALSE,Tim Harkness,4,562,59,132,18,4,14,61,7,.235,.356,0,200,0,1964,harknti01
FALSE,FALSE,Howie Schultz,6,1588,163,383,85,7,24,208,15,.241,.349,0,554,0,1948,schulho01
FALSE,FALSE,Gene Baker,8,2230,265,590,109,21,39,227,21,.265,.385,1,858,0,1961,bakerge02
FALSE,FALSE,Alex Gonzalez,16,5776,667,1418,332,31,157,690,30,.245,.395,1,2283,1,2014,gonzaal02
FALSE,FALSE,Martin Prado,14,5373,664,1542,316,27,100,609,40,.287,.412,1,2212,4,2019,pradoma01
FALSE,FALSE,Don Gutteridge,12,4202,586,1075,200,64,39,391,95,.256,.362,0,1520,0,1948,guttedo01
FALSE,FALSE,Luis Alvarado,9,1160,116,248,43,4,5,84,11,.214,.271,0,314,0,1977,alvarlu01
FALSE,FALSE,Amos Cross,3,441,62,118,16,7,1,56,13,.268,.342,0,151,0,1887,crossam01
FALSE,FALSE,Chick Shorten,8,1345,161,370,51,20,3,134,12,.275,.349,0,470,0,1924,shortch01
FALSE,FALSE,Damion Easley,17,5484,735,1386,287,27,163,684,114,.253,.404,1,2216,2,2008,easleda01
FALSE,FALSE,Goody Rosen,6,1916,310,557,71,34,22,197,12,.291,.398,1,762,1,1946,rosengo01
FALSE,FALSE,Denny Doyle,8,3290,357,823,113,28,16,237,38,.250,.316,0,1040,0,1977,doylede01
FALSE,FALSE,Curt Wilkerson,11,2452,272,600,78,23,8,179,81,.245,.305,0,748,0,1993,wilkecu01
FALSE,FALSE,Rich Coggins,5,1083,125,287,42,13,12,90,50,.265,.361,0,391,0,1976,coggiri01
FALSE,FALSE,Stu Martin,8,2237,322,599,112,24,16,183,36,.268,.361,1,807,0,1943,martist01
FALSE,FALSE,Craig Counsell,16,4741,647,1208,218,40,42,390,103,.255,.344,0,1632,1,2011,counscr01
FALSE,FALSE,Chad Fonville,4,546,80,133,10,2,0,31,30,.244,.269,0,147,0,1999,fonvich01
FALSE,FALSE,Jerry Narron,8,840,64,177,23,2,21,96,0,.211,.318,0,267,0,1987,narroje01
FALSE,FALSE,Kevin Maas,5,1248,171,287,43,1,65,169,10,.230,.422,0,527,0,1995,maaske01
FALSE,FALSE,Jim Fairey,6,766,86,180,28,7,7,75,6,.235,.317,0,243,0,1973,faireji01
FALSE,FALSE,Henry Cotto,10,2178,296,569,87,9,44,210,130,.261,.370,0,806,0,1993,cottohe01
FALSE,FALSE,Harley Boss,4,519,64,139,19,8,1,61,2,.268,.341,0,177,0,1933,bossha01
FALSE,FALSE,Brian Giles,6,709,74,162,27,0,10,50,27,.228,.309,0,219,0,1990,gilesbr01
FALSE,FALSE,Walt Bond,6,1199,149,307,40,11,41,179,10,.256,.410,0,492,0,1967,bondwa01
FALSE,FALSE,Marc Newfield,6,957,98,238,53,1,22,132,1,.249,.375,0,359,0,1998,newfima01
FALSE,FALSE,Don Landrum,8,1160,151,272,36,8,12,75,36,.234,.310,0,360,0,1966,landrdo01
FALSE,FALSE,Melvin Nieves,7,1228,163,284,53,6,63,187,4,.231,.438,0,538,0,1998,nieveme01
FALSE,FALSE,Billy Hatcher,12,4339,586,1146,210,30,54,399,218,.264,.364,0,1578,2,1995,hatchbi01
FALSE,FALSE,Roberto Mejia,4,411,47,90,24,6,10,40,7,.219,.380,0,156,0,1997,mejiaro02
FALSE,FALSE,Gary Varsho,8,837,101,204,41,11,10,84,27,.244,.355,0,297,0,1995,varshga01
FALSE,FALSE,Steve Jeltz,8,1749,183,367,46,20,5,130,18,.210,.268,0,468,0,1990,jeltzst01
FALSE,FALSE,Raul Casanova,9,1081,98,255,40,5,35,130,2,.236,.379,0,410,0,2008,casanra01
FALSE,FALSE,Ray Hayworth,15,2062,220,546,92,16,5,238,2,.265,.332,0,685,0,1945,haywora01
FALSE,FALSE,Jake Powell,11,2540,353,689,116,26,22,327,65,.271,.363,0,923,0,1945,powelja03
FALSE,FALSE,Harry Wolverton,9,3001,346,833,95,53,7,352,83,.278,.352,0,1055,0,1912,wolveha01
FALSE,FALSE,Rob Deer,11,3881,578,853,148,13,230,600,43,.220,.442,0,1717,1,1996,deerro01
FALSE,FALSE,Eddie Moore,10,2474,360,706,108,26,13,257,52,.285,.366,0,905,0,1934,mooreed01
FALSE,FALSE,Sammy Vick,5,641,90,159,28,11,2,50,12,.248,.335,0,215,0,1921,vicksa01
FALSE,FALSE,Hank Schenz,6,538,70,133,22,3,2,24,6,.247,.310,0,167,0,1951,schenha01
FALSE,FALSE,Jimmy Hallinan,5,760,142,218,25,12,5,83,5,.287,.371,0,282,0,1878,halliji01
FALSE,FALSE,Luis Ordaz,7,440,51,96,13,0,0,30,12,.218,.248,0,109,0,2006,ordazlu01
FALSE,FALSE,Eric Anthony,9,1999,249,462,81,8,78,269,24,.231,.397,0,793,0,1997,anthoer01
FALSE,FALSE,Mike Marshall,11,3593,433,971,173,8,148,530,26,.270,.446,1,1604,2,1991,marshmi02
FALSE,FALSE,Vance Wilson,8,953,104,238,42,2,25,129,2,.250,.377,0,359,0,2006,wilsova01
FALSE,FALSE,Jim Donnelly,11,2388,322,549,56,28,2,237,173,.230,.279,0,667,0,1898,donneji01
FALSE,FALSE,John Kroner,4,702,83,184,47,9,7,105,3,.262,.385,0,270,0,1938,kronejo01
FALSE,FALSE,Eric Young,10,1725,275,422,67,22,13,112,162,.245,.332,0,572,0,2018,younger03
FALSE,FALSE,Fatty Briody,8,1186,134,271,52,7,3,115,6,.228,.292,0,346,0,1888,briodfa01
FALSE,FALSE,Turner Barber,9,1531,189,442,47,21,2,185,28,.289,.351,0,537,0,1923,barbetu01
FALSE,FALSE,Charlie Jones,6,1799,217,420,56,28,5,144,100,.233,.304,0,547,0,1908,jonesch03
FALSE,FALSE,Pete Incaviglia,12,4233,546,1043,194,21,206,655,33,.246,.448,0,1897,0,1998,incavpe01
FALSE,FALSE,Cody Ransom,11,752,111,160,47,2,30,105,6,.213,.400,0,301,0,2013,ransoco01
FALSE,FALSE,Heinie Schuble,7,935,139,235,43,16,11,116,19,.251,.367,0,343,0,1936,schubhe01
FALSE,FALSE,Clyde Mashore,5,419,58,87,15,1,8,47,11,.208,.305,0,128,0,1973,mashocl01
FALSE,FALSE,Rudy Kemmler,8,860,80,166,18,6,0,11,0,.193,.228,0,196,0,1889,kemmlru01
FALSE,FALSE,Hal Smith,7,1697,126,437,63,8,23,172,6,.258,.345,2,585,0,1965,smithha09
FALSE,FALSE,Juan Castillo,4,469,60,101,11,5,3,38,18,.215,.279,0,131,0,1989,castiju01
FALSE,FALSE,Dick Nen,6,826,70,185,23,3,21,107,1,.224,.335,0,277,0,1970,nendi01
FALSE,FALSE,Benny McCoy,4,1214,182,327,52,18,16,156,8,.269,.381,0,463,0,1941,mccoybe01
FALSE,FALSE,Dave Duncan,11,2885,274,617,79,4,109,341,5,.214,.357,1,1031,0,1976,duncada01
FALSE,FALSE,Bobby Byrne,11,4831,667,1225,186,60,10,329,176,.254,.323,0,1561,0,1917,byrnebo01
FALSE,FALSE,Hank Majeski,13,3421,404,956,181,27,57,501,10,.279,.398,0,1362,0,1955,majesha01
FALSE,FALSE,Mike Rivera,9,548,51,131,32,1,13,69,3,.239,.372,0,204,0,2011,rivermi02
FALSE,FALSE,Albert Hall,9,805,125,202,37,8,5,53,67,.251,.335,0,270,0,1989,hallal02
FALSE,FALSE,Mike Phillips,11,1719,166,412,46,24,11,145,12,.240,.314,0,539,1,1983,phillmi01
FALSE,FALSE,Johnny Sturm,1,524,58,125,17,3,3,36,3,.239,.300,0,157,0,1941,sturmjo01
FALSE,FALSE,Lou Collier,8,713,89,172,33,7,8,78,12,.241,.341,0,243,0,2004,collilo01
FALSE,FALSE,Jack Farrell,2,746,85,171,33,5,0,49,20,.229,.287,0,214,0,1915,farreja03
FALSE,FALSE,Roy Smalley,13,5657,745,1454,244,25,163,694,27,.257,.395,1,2237,3,1987,smallro02
FALSE,FALSE,Bert Haas,9,2440,263,644,93,32,22,263,51,.264,.355,1,867,0,1951,haasbe01
FALSE,FALSE,Harry Fritz,3,423,44,96,13,5,3,39,6,.227,.303,0,128,0,1915,fritzha01
FALSE,FALSE,Joe Lahoud,11,1925,239,429,68,12,65,218,20,.223,.372,0,716,0,1978,lahoujo01
FALSE,FALSE,Emil Brown,10,2249,296,581,112,12,59,326,52,.258,.398,0,894,0,2009,brownem01
FALSE,FALSE,Vince DiMaggio,10,3849,491,959,209,24,125,584,79,.249,.413,2,1591,1,1946,dimagvi01
FALSE,FALSE,Ronny Rodriguez,2,467,46,103,19,3,19,63,5,.221,.396,0,185,0,2019,rodriro03
FALSE,FALSE,Ed Burns,7,796,48,183,21,6,0,65,14,.230,.271,0,216,0,1918,burnsed01
FALSE,FALSE,Jim Ray Hart,12,3783,518,1052,148,29,170,578,17,.278,.467,1,1768,0,1974,hartji01
FALSE,FALSE,Jesus Guzman,5,1007,108,249,61,4,25,136,18,.247,.390,0,393,0,2014,guzmaje01
FALSE,FALSE,Nick Esasky,8,2703,336,677,120,21,122,427,18,.250,.446,0,1205,1,1990,esaskni01
FALSE,FALSE,Tun Berger,3,622,88,150,22,6,1,57,18,.241,.301,0,187,0,1892,bergetu01
FALSE,FALSE,Johnnie LeMaster,12,3191,320,709,109,19,22,229,94,.222,.289,0,922,0,1987,lemasjo01
FALSE,FALSE,John Bowker,4,574,54,133,25,5,17,73,2,.232,.382,0,219,0,2011,bowkejo01
FALSE,FALSE,Russ Snyder,12,3631,488,984,150,29,42,319,58,.271,.363,0,1318,0,1970,snyderu01
FALSE,FALSE,Ron Tingley,9,563,52,110,27,3,10,55,2,.195,.307,0,173,0,1995,tinglro01
FALSE,FALSE,Ted Uhlaender,8,2932,343,772,114,21,36,285,52,.263,.353,0,1036,0,1972,uhlaete01
FALSE,FALSE,Monty Basgall,3,512,52,110,15,3,4,41,1,.215,.279,0,143,0,1951,basgamo01
FALSE,FALSE,Kazuo Matsui,7,2302,330,615,124,20,32,211,102,.267,.380,0,875,0,2010,matsuka01
FALSE,FALSE,Kurt Abbott,9,2044,273,523,109,23,62,242,22,.256,.423,0,864,0,2001,abbotku01
FALSE,FALSE,Boss Schmidt,6,1480,137,360,41,22,3,124,23,.243,.307,0,454,0,1911,schmibo01
FALSE,FALSE,Bernie Neis,8,1825,297,496,84,18,25,210,46,.272,.379,0,691,0,1927,neisbe01
FALSE,FALSE,Josh Rutledge,6,1101,156,284,51,14,20,111,24,.258,.384,0,423,0,2017,rutlejo01
FALSE,FALSE,Bob Unglaub,6,2150,188,554,67,35,5,216,66,.258,.328,0,706,0,1910,unglabo01
FALSE,FALSE,Endy Chavez,13,3149,385,849,140,34,30,266,106,.270,.364,0,1147,2,2014,chaveen01
FALSE,FALSE,Billy Burns,4,843,114,228,29,13,5,55,46,.270,.353,0,298,0,2017,burnsbi02
FALSE,FALSE,Vin Campbell,6,2069,326,642,85,36,15,167,92,.310,.408,0,844,0,1915,campbvi01
FALSE,FALSE,Reggie Jefferson,9,2123,285,637,131,11,72,300,2,.300,.474,0,1006,1,1999,jeffere01
FALSE,FALSE,Charlie Duffee,5,1943,314,518,67,33,35,281,110,.267,.389,0,756,0,1893,duffech01
FALSE,FALSE,Bobby Del Greco,9,1982,271,454,95,11,42,169,16,.229,.352,0,697,0,1965,delgrbo01
FALSE,FALSE,Matt Treanor,9,1272,120,281,45,4,18,129,5,.221,.305,0,388,0,2012,treanma01
FALSE,FALSE,Von Hayes,12,5249,767,1402,282,36,143,696,253,.267,.416,1,2185,6,1992,hayesvo01
FALSE,FALSE,Herbie Moran,7,2177,300,527,60,26,2,135,103,.242,.296,0,645,0,1915,moranhe01
FALSE,FALSE,Bill Salkeld,6,850,111,232,39,2,31,132,6,.273,.433,0,368,0,1950,salkebi01
FALSE,FALSE,Toby Hall,9,2350,211,616,123,1,46,269,2,.262,.374,0,879,0,2008,hallto02
FALSE,FALSE,Ed Ott,8,1792,196,465,76,10,33,195,14,.259,.368,0,660,1,1981,otted01
FALSE,FALSE,Tom Goodwin,14,3846,636,1029,125,39,24,284,369,.268,.339,0,1304,0,2004,goodwto01
FALSE,FALSE,Buddy Blattner,5,713,112,176,34,8,16,84,18,.247,.384,0,274,0,1949,blattbu01
FALSE,FALSE,Roberto Ortiz,6,659,67,168,18,10,8,78,4,.255,.349,0,230,0,1950,ortizro01
FALSE,FALSE,Don Wert,9,3840,417,929,129,15,77,366,22,.242,.343,1,1319,0,1971,wertdo01
FALSE,FALSE,Jerry Hairston,16,4387,580,1126,233,22,70,420,147,.257,.368,0,1613,0,2013,hairsje02
FALSE,FALSE,Danny Goodwin,7,636,72,150,32,8,13,81,3,.236,.373,0,237,0,1982,goodwda01
FALSE,FALSE,Harry Davis,3,1213,205,320,65,18,7,123,21,.264,.364,0,442,0,1937,davisha02
FALSE,FALSE,Jim McTamany,7,3102,693,794,135,58,19,334,255,.256,.355,0,1102,0,1891,mctamji01
FALSE,FALSE,Billy Hulen,2,407,97,100,19,7,0,41,28,.246,.327,0,133,0,1899,hulenbi01
FALSE,FALSE,Con Daily,12,2215,280,541,74,22,2,262,94,.244,.300,0,665,0,1896,dailyco01
FALSE,FALSE,Alex Kampouris,9,2182,272,531,94,20,45,284,22,.243,.367,0,800,0,1943,kampoal01
FALSE,FALSE,Pepe Mangual,6,972,155,235,35,6,16,83,64,.242,.340,0,330,0,1977,mangupe01
FALSE,FALSE,Mark Kotsay,17,6464,790,1784,353,48,127,720,98,.276,.404,0,2614,1,2013,kotsama01
FALSE,FALSE,Joe Riggert,3,558,68,134,18,14,8,44,20,.240,.366,0,204,0,1919,riggejo01
FALSE,FALSE,Del Wilber,8,720,67,174,35,7,19,115,1,.242,.389,0,280,0,1954,wilbede01
FALSE,FALSE,Milt Stock,14,6249,839,1806,270,58,22,696,155,.289,.361,0,2258,2,1926,stockmi01
FALSE,FALSE,Jack Farrell,11,3613,584,877,148,55,23,370,87,.243,.333,0,1204,0,1889,farreja02
FALSE,FALSE,David Newhan,8,986,148,249,37,10,23,120,29,.253,.380,0,375,0,2008,newhada01
FALSE,FALSE,Larry Lintz,6,616,137,140,13,1,0,27,128,.227,.252,0,155,0,1978,lintzla01
FALSE,FALSE,Bobby Valentine,10,1698,176,441,59,9,12,157,27,.260,.326,0,554,0,1979,valenbo02
FALSE,FALSE,Elmer Smith,10,3195,469,881,181,62,70,541,54,.276,.437,0,1396,0,1925,smithel02
FALSE,FALSE,Red Barnes,4,836,152,225,41,24,8,97,12,.269,.404,0,338,0,1930,barnere01
FALSE,FALSE,Pickles Dillhoefer,5,600,59,134,16,10,0,48,12,.223,.283,0,170,0,1921,dillhpi01
FALSE,FALSE,Jim Tipper,3,466,70,114,13,0,0,41,1,.245,.273,0,127,0,1875,tippeji01
FALSE,FALSE,Leroy Stanton,9,2575,294,628,114,13,77,358,36,.244,.388,0,999,1,1978,stantle01
FALSE,FALSE,Debs Garms,12,3111,438,910,141,39,17,328,18,.293,.379,0,1180,0,1945,garmsde01
FALSE,FALSE,Doc Marshall,4,658,72,170,21,6,0,61,2,.258,.309,0,203,0,1932,marshdo02
FALSE,FALSE,Clyde Manion,13,1145,96,250,25,3,3,112,5,.218,.253,0,290,0,1934,maniocl01
FALSE,FALSE,Bob Melvin,10,1955,174,456,85,6,35,212,4,.233,.337,0,658,0,1994,melvibo01
FALSE,FALSE,Angel Pagan,11,4084,584,1143,220,55,64,414,176,.280,.408,0,1665,0,2016,paganan01
FALSE,FALSE,Doc Miller,5,1717,184,507,96,15,12,235,64,.295,.390,0,669,0,1914,milledo03
FALSE,FALSE,Marv Olson,3,457,67,110,15,6,0,30,1,.241,.300,0,137,0,1933,olsonma01
FALSE,FALSE,Bob Geren,5,765,62,178,21,1,22,76,0,.233,.349,0,267,0,1993,gerenbo01
FALSE,FALSE,Tony Kubek,9,4167,522,1109,178,30,57,373,29,.266,.364,3,1518,3,1965,kubekto01
FALSE,FALSE,Sam Dente,9,2320,205,585,78,16,4,214,9,.252,.305,0,707,0,1955,dentesa01
FALSE,FALSE,Jerry Priddy,11,4720,612,1252,232,46,61,541,44,.265,.373,0,1759,0,1953,priddje01
FALSE,FALSE,Bob Meacham,6,1371,202,324,58,8,8,114,58,.236,.308,0,422,0,1988,meachbo01
FALSE,FALSE,Wayne Ambler,3,782,60,175,39,2,0,73,4,.224,.279,0,218,0,1939,amblewa01
FALSE,FALSE,Mike McCormick,10,2325,302,640,100,29,14,215,16,.275,.361,0,840,0,1951,mccormi02
FALSE,FALSE,Nanny Fernandez,4,1356,139,336,59,5,16,145,20,.248,.334,0,453,0,1950,fernana01
FALSE,FALSE,Rip Russell,6,1402,133,344,52,8,29,192,4,.245,.356,0,499,0,1947,russeri01
FALSE,FALSE,Joe Delahanty,3,932,68,222,30,15,4,100,24,.238,.315,0,294,0,1909,delahjo01
FALSE,FALSE,Billy Gilbert,8,2816,375,695,72,17,4,237,167,.247,.289,0,813,0,1909,gilbebi02
FALSE,FALSE,Mike Shannon,9,2780,313,710,116,23,68,367,19,.255,.387,0,1076,0,1970,shannmi01
FALSE,FALSE,Marcus Thames,10,1827,256,450,83,4,115,301,3,.246,.485,0,886,0,2011,thamema01
FALSE,FALSE,Austin Kearns,12,3606,522,914,187,13,121,494,33,.253,.413,0,1490,1,2013,kearnau01
FALSE,FALSE,Ed Phelps,11,1832,186,460,45,20,3,205,31,.251,.302,0,554,0,1913,phelped01
FALSE,FALSE,Paul Householder,8,1326,146,313,60,11,29,144,36,.236,.363,0,482,0,1987,housepa02
FALSE,FALSE,Mike Edwards,4,879,94,220,28,4,2,49,38,.250,.298,0,262,0,1980,edwarmi01
FALSE,FALSE,John O'Neill,2,746,77,181,15,2,2,42,41,.243,.276,0,206,0,1906,oneilbi01
FALSE,FALSE,Charlie Reipschlager,5,1109,99,246,40,14,0,63,9,.222,.283,0,314,0,1887,reipsch01
FALSE,FALSE,Art Phelan,5,1258,150,297,38,25,8,131,50,.236,.325,0,409,0,1915,phelaar01
FALSE,FALSE,Jerry Zimmerman,8,994,60,203,22,2,3,72,1,.204,.239,0,238,0,1968,zimmeje01
FALSE,FALSE,Ryan Spilborghs,7,1561,222,424,86,12,42,218,31,.272,.423,0,660,0,2011,spilbry01
FALSE,FALSE,Dennis Casey,2,421,71,115,18,9,6,29,0,.273,.401,0,169,0,1885,caseyde01
FALSE,FALSE,Marty Cordova,9,3419,480,938,192,18,122,540,57,.274,.448,0,1532,3,2003,cordoma01
FALSE,FALSE,Chris Brown,6,1523,164,410,61,6,38,184,21,.269,.392,1,597,0,1989,brownch02
FALSE,FALSE,Walter Barbare,8,1777,173,462,52,21,1,156,37,.260,.315,0,559,0,1922,barbawa01
FALSE,FALSE,Bill DeLancey,4,598,79,173,32,10,19,85,1,.289,.472,0,282,0,1940,delanbi02
FALSE,FALSE,Pat Deasley,8,1466,161,358,37,9,0,120,7,.244,.282,0,413,0,1888,deaslpa01
FALSE,FALSE,Pat Borders,17,3282,289,831,168,12,69,346,9,.253,.375,0,1230,1,2005,bordepa01
FALSE,FALSE,Paddy Livingston,7,574,48,120,17,12,0,45,9,.209,.280,0,161,0,1917,livinpa01
FALSE,FALSE,Bill Greenwood,6,2170,381,490,56,26,8,185,194,.226,.287,0,622,0,1890,greenbi01
FALSE,FALSE,Jim Burns,3,727,131,222,29,11,5,111,64,.305,.396,0,288,0,1891,burnsji01
FALSE,FALSE,Bill Bean,6,478,42,108,20,2,5,53,3,.226,.308,0,147,0,1995,beanbi01
FALSE,FALSE,Mark Johnson,7,988,142,229,50,2,38,137,12,.232,.402,0,397,0,2002,johnsma01
FALSE,FALSE,Gary Thurman,9,798,121,194,27,6,2,64,65,.243,.299,0,239,0,1997,thurmga01
FALSE,FALSE,Harry McCurdy,10,1157,148,326,71,12,9,148,12,.282,.387,0,448,0,1934,mccurha01
FALSE,FALSE,Chris Carter,8,2469,334,536,107,5,158,400,12,.217,.456,0,1127,1,2017,cartech02
FALSE,FALSE,Roy Hughes,9,2582,396,705,105,27,5,205,80,.273,.340,0,879,0,1946,hughero01
FALSE,FALSE,Marty Callaghan,4,767,106,205,28,13,0,74,10,.267,.338,0,259,0,1930,callama01
FALSE,FALSE,Damian Miller,11,3182,361,834,205,4,87,406,5,.262,.411,1,1308,0,2007,milleda02
FALSE,FALSE,Todd Dunwoody,6,915,98,213,48,12,11,81,13,.233,.348,0,318,0,2002,dunwoto01
FALSE,FALSE,Del Young,4,950,87,213,31,7,3,76,7,.224,.281,0,267,0,1940,youngde02
FALSE,FALSE,Leo Posada,3,426,51,109,11,7,8,58,1,.256,.371,0,158,0,1962,posadle01
FALSE,FALSE,Rudy Law,7,2421,379,656,101,37,18,199,228,.271,.366,0,885,0,1986,lawru01
FALSE,FALSE,Sam Wise,12,4715,834,1281,221,112,48,672,203,.272,.397,0,1870,0,1893,wisesa01
FALSE,FALSE,Alex Cora,14,3408,360,828,140,39,35,286,47,.243,.338,0,1151,0,2011,coraal01
FALSE,FALSE,Denny Walling,18,2945,372,799,142,30,49,380,44,.271,.390,0,1148,0,1992,wallide01
FALSE,FALSE,Bill Doran,12,5131,727,1366,220,39,84,497,209,.266,.373,0,1916,4,1993,doranbi02
FALSE,FALSE,Jeremy Reed,8,1250,141,315,67,12,12,110,20,.252,.354,0,442,0,2011,reedje03
FALSE,FALSE,Chris Herrmann,8,887,108,182,34,7,25,103,10,.205,.344,0,305,0,2019,herrmch01
FALSE,FALSE,Mack Wheat,7,602,34,123,23,5,4,35,7,.204,.279,0,168,0,1921,wheatma01
FALSE,FALSE,Shawn Abner,6,840,89,191,39,4,11,71,6,.227,.323,0,271,0,1992,abnersh01
FALSE,FALSE,Wally Post,15,4007,594,1064,194,28,210,699,19,.266,.485,0,1944,0,1964,postwa01
FALSE,FALSE,Russ Gibson,6,794,49,181,34,4,8,78,2,.228,.311,0,247,0,1972,gibsoru01
FALSE,FALSE,Carlos Martinez,7,1485,145,383,63,6,25,161,10,.258,.359,0,533,2,1995,martica02
FALSE,FALSE,Tom York,15,4005,743,1095,218,89,14,502,20,.273,.383,0,1533,0,1885,yorkto01
FALSE,FALSE,Pete Sweeney,3,521,53,109,14,7,1,47,19,.209,.269,0,140,0,1890,sweenpe01
FALSE,FALSE,John Hummel,12,3906,421,991,128,84,29,394,117,.254,.352,0,1374,0,1918,hummejo01
FALSE,FALSE,Adam Comorosky,10,2787,404,795,134,51,28,417,57,.285,.400,0,1115,0,1935,comorad01
FALSE,FALSE,Jack Heidemann,8,1093,94,231,27,4,9,75,5,.211,.268,0,293,0,1977,heideja01
FALSE,FALSE,Carlos Asuaje,3,520,45,125,24,2,6,42,1,.240,.329,0,171,0,2018,asuajca01
FALSE,FALSE,Merritt Ranew,5,594,68,147,20,9,8,54,3,.247,.352,0,209,0,1969,ranewme01
FALSE,FALSE,Hal Wagner,12,1849,179,458,90,12,15,228,10,.248,.334,2,617,0,1949,wagneha01
FALSE,FALSE,Ed Stevens,6,1220,134,308,59,17,28,193,7,.252,.398,0,485,0,1950,steveed01
FALSE,FALSE,Mario Guerrero,8,2251,166,578,79,12,7,170,8,.257,.312,0,702,0,1980,guerrma01
FALSE,FALSE,Sammy Hale,10,2915,422,880,157,54,30,392,41,.302,.424,0,1235,0,1930,halesa01
FALSE,FALSE,Mickey Klutts,8,536,49,129,26,1,14,59,1,.241,.371,0,199,0,1983,kluttmi01
FALSE,FALSE,Joe Cassidy,2,1157,130,264,28,23,2,76,40,.228,.297,0,344,0,1905,cassijo02
FALSE,FALSE,Ruben Amaro,11,2155,211,505,75,13,8,156,11,.234,.292,0,630,1,1969,amaroru01
FALSE,FALSE,Mike Kelly,6,684,111,165,45,6,22,86,30,.241,.421,0,288,0,1999,kellymi02
FALSE,FALSE,Dale Alexander,5,2450,369,811,164,30,61,459,20,.331,.497,0,1218,0,1933,alexada01
FALSE,FALSE,Jay Partridge,2,645,90,167,17,7,7,52,11,.259,.340,0,219,0,1928,partrja01
FALSE,FALSE,Fran Healy,9,1326,145,332,60,6,20,141,30,.250,.350,0,464,1,1978,healyfr02
FALSE,FALSE,Troy Neel,3,758,110,212,37,0,37,120,5,.280,.475,0,360,0,1994,neeltr01
FALSE,FALSE,Steve Ontiveros,8,2193,230,600,111,10,24,224,5,.274,.366,0,803,0,1980,ontivst01
FALSE,FALSE,Hector Lopez,12,4644,623,1251,193,37,136,591,16,.269,.415,0,1926,0,1966,lopezhe01
FALSE,FALSE,Antonio Perez,4,495,62,121,25,4,6,43,16,.244,.347,0,172,0,2006,perezan01
FALSE,FALSE,Bruce Kimm,4,439,35,104,19,1,1,26,5,.237,.292,0,128,0,1980,kimmbr01
FALSE,FALSE,Tommy Beals,6,539,109,131,15,16,0,64,6,.243,.330,0,178,0,1880,bealsto01
FALSE,FALSE,Dutch Meyer,6,994,113,262,49,12,10,93,5,.264,.367,0,365,0,1946,meyerdu01
FALSE,FALSE,Ed Montague,4,615,105,161,18,7,2,69,7,.262,.324,0,199,0,1932,montaed01
FALSE,FALSE,Fred Snodgrass,9,3101,453,852,143,42,11,351,212,.275,.359,0,1112,0,1916,snodgfr01
FALSE,FALSE,Norm Siebern,12,4481,662,1217,206,38,132,636,18,.272,.423,3,1895,2,1968,siebeno01
FALSE,FALSE,Stan Rojek,8,1764,225,470,67,13,4,122,32,.266,.326,0,575,0,1952,rojekst01
FALSE,FALSE,Daric Barton,8,1744,242,431,94,11,30,184,13,.247,.365,0,637,0,2014,bartoda02
FALSE,FALSE,Sadie Houck,8,2659,406,666,106,58,4,234,31,.250,.338,0,900,0,1887,houcksa01
FALSE,FALSE,Johnny Hopp,14,4260,698,1262,216,74,46,458,128,.296,.414,1,1764,0,1952,hoppjo01
FALSE,FALSE,Eric Patterson,5,508,65,110,20,7,10,50,35,.217,.343,0,174,0,2011,patteer01
FALSE,FALSE,Ernie Johnson,10,2619,372,697,91,36,19,256,114,.266,.350,0,917,0,1925,johnser01
FALSE,FALSE,Jim Fridley,3,424,50,105,12,5,8,53,3,.248,.356,0,151,0,1958,fridlji01
FALSE,FALSE,Ernie Padgett,5,838,84,223,34,17,1,81,8,.266,.351,0,294,0,1927,padgeer01
FALSE,FALSE,Johnny Lewis,4,771,97,175,24,6,22,74,8,.227,.359,0,277,0,1967,lewisjo01
FALSE,FALSE,Red Hayworth,2,430,27,91,15,1,1,42,0,.212,.258,0,111,0,1945,haywore01
FALSE,FALSE,Craig Paquette,11,2591,304,620,128,10,99,377,27,.239,.411,0,1065,0,2003,paquecr01
FALSE,FALSE,Jeff Treadway,9,2119,244,596,103,14,28,208,14,.281,.383,0,811,1,1995,treadje01
FALSE,FALSE,Mitchell Page,8,2104,297,560,84,21,72,259,104,.266,.429,0,902,3,1984,pagemi02
FALSE,FALSE,Jim Holt,9,1616,174,428,64,10,19,177,8,.265,.352,0,569,0,1976,holtji01
FALSE,FALSE,Tim Flood,3,816,70,190,26,6,3,86,23,.233,.290,0,237,0,1903,floodti01
FALSE,FALSE,Bill McKechnie,11,2843,319,713,86,33,8,240,127,.251,.313,0,889,0,1920,mckecbi01
FALSE,FALSE,Mickey Witek,7,2147,239,595,65,9,22,196,7,.277,.347,0,744,0,1949,witekmi01
FALSE,FALSE,Juan Bernhardt,4,492,46,117,19,2,9,43,3,.238,.339,0,167,0,1979,bernhju01
FALSE,FALSE,Sean Berry,11,2413,310,657,153,10,81,369,47,.272,.445,0,1073,0,2000,berryse01
FALSE,FALSE,Broderick Perkins,7,1255,127,340,62,8,8,157,9,.271,.352,0,442,0,1984,perkibr01
FALSE,FALSE,Jack Voigt,7,588,84,138,32,3,20,83,7,.235,.401,0,236,0,1998,voigtja01
FALSE,FALSE,Garth Iorg,9,2450,251,633,125,16,20,238,23,.258,.347,0,850,0,1987,iorgga01
FALSE,FALSE,John Henry,9,1920,161,397,54,15,2,171,55,.207,.254,0,487,0,1918,henryjo02
FALSE,FALSE,Omar Moreno,12,4992,699,1257,171,87,37,386,487,.252,.343,0,1713,1,1986,morenom01
FALSE,FALSE,Joe McEwing,9,1767,217,443,89,10,25,158,33,.251,.355,0,627,0,2006,mcewijo01
FALSE,FALSE,Yuniesky Betancourt,9,4052,437,1057,218,29,80,457,30,.261,.388,0,1573,0,2013,betanyu01
FALSE,FALSE,Anderson Hernandez,6,643,69,155,25,5,4,60,10,.241,.314,0,202,0,2010,hernaan01
FALSE,FALSE,Bob Allison,13,5032,811,1281,216,53,256,796,84,.255,.471,3,2371,2,1970,allisbo01
FALSE,FALSE,Chris Johnson,8,2811,256,773,154,10,63,339,18,.275,.404,0,1136,0,2016,johnsch05
FALSE,FALSE,Earl Clark,8,826,122,240,41,7,4,81,11,.291,.372,0,307,0,1934,clarkea01
FALSE,FALSE,Jack Warner,14,3497,348,870,81,35,6,302,83,.249,.297,0,1039,0,1908,warnejo01
FALSE,FALSE,Jose Nieves,5,530,55,128,20,5,9,51,2,.242,.349,0,185,0,2002,nievejo01
FALSE,FALSE,Joe Mulvey,12,4063,598,1059,157,71,28,532,147,.261,.355,0,1442,0,1895,mulvejo01
FALSE,FALSE,Mike Gallego,13,2931,374,700,111,12,42,282,24,.239,.328,0,961,0,1997,gallemi01
FALSE,FALSE,Jim Bolger,7,612,65,140,14,6,6,48,3,.229,.301,0,184,0,1959,bolgeji01
FALSE,FALSE,Stan Papi,6,523,49,114,26,6,7,51,2,.218,.331,0,173,0,1981,papist01
FALSE,FALSE,Gary Alexander,7,1276,169,293,45,11,55,202,8,.230,.411,0,525,2,1981,alexaga01
FALSE,FALSE,Brian Dorsett,8,411,38,92,15,0,9,51,0,.224,.326,0,134,0,1996,dorsebr01
FALSE,FALSE,Wes Fisler,6,1335,258,414,72,14,2,188,15,.310,.390,0,520,0,1876,fislewe01
FALSE,FALSE,Joe Nolan,11,1454,156,382,66,10,27,178,7,.263,.378,0,549,0,1985,nolanjo01
FALSE,FALSE,Craig Wilson,7,2010,303,527,100,14,99,292,14,.262,.474,0,952,4,2007,wilsocr03
FALSE,FALSE,Eliezer Alfonzo,6,591,44,142,24,3,17,67,1,.240,.377,0,223,0,2011,alfonel01
FALSE,FALSE,Lew Ritter,7,1437,129,315,33,17,1,120,55,.219,.268,0,385,0,1908,rittele01
FALSE,FALSE,Steve Kemp,11,4058,581,1128,179,25,130,634,39,.278,.431,1,1747,2,1988,kempst01
FALSE,FALSE,Jimmy Walsh,6,1771,235,410,71,31,6,150,92,.232,.317,0,561,0,1917,walshji02
FALSE,FALSE,Eddie Basinski,3,602,58,147,19,7,4,59,1,.244,.319,0,192,0,1947,basined01
FALSE,FALSE,Charlie Pick,6,1278,115,333,39,17,3,86,64,.261,.325,0,415,0,1920,pickch01
FALSE,FALSE,Mike Heath,14,4212,462,1061,173,27,86,469,54,.252,.367,0,1546,0,1991,heathmi02
FALSE,FALSE,Johnny Moore,10,3013,439,926,155,26,73,452,23,.307,.449,0,1352,0,1945,moorejo01
FALSE,FALSE,Charlie Hanford,2,776,110,217,32,18,12,112,47,.280,.414,0,321,0,1915,hanfoch01
FALSE,FALSE,Tito Francona,15,5121,650,1395,224,34,125,656,46,.272,.403,1,2062,0,1970,francti01
FALSE,FALSE,Al Martin,11,4242,664,1172,220,48,132,485,173,.276,.444,0,1884,0,2003,martial03
FALSE,FALSE,Carl Reynolds,13,4495,672,1357,247,107,80,699,112,.302,.458,0,2058,0,1939,reynoca01
FALSE,FALSE,Brad Fullmer,8,2789,395,778,203,16,114,442,32,.279,.486,0,1355,0,2004,fullmbr01
FALSE,FALSE,Dave Philley,18,6296,789,1700,276,72,84,729,101,.270,.377,0,2372,0,1962,phillda01
FALSE,FALSE,Dave Clark,13,1964,248,518,81,8,62,284,19,.264,.408,0,801,0,1998,clarkda05
FALSE,FALSE,Estel Crabtree,8,1408,174,396,53,25,13,142,8,.281,.382,0,538,0,1944,crabtes01
FALSE,FALSE,Jim Gentile,9,2922,434,759,113,6,179,549,3,.260,.486,3,1421,0,1966,gentiji01
FALSE,FALSE,Dick Wakefield,9,2132,334,625,102,29,56,315,10,.293,.447,1,953,5,1952,wakefdi01
FALSE,FALSE,Al Luplow,7,1243,147,292,34,6,33,125,8,.235,.352,0,437,0,1967,luploal01
FALSE,FALSE,Mike Fontenot,7,1413,175,374,86,13,27,163,17,.265,.401,0,567,0,2012,fontemi01
FALSE,FALSE,Jack McCarthy,12,4200,551,1205,171,66,8,476,145,.287,.365,0,1532,0,1907,mccarja01
FALSE,FALSE,Mike Hines,4,451,69,91,20,3,0,26,0,.202,.259,0,117,0,1888,hinesmi01
FALSE,FALSE,Quilvio Veras,7,2780,469,750,129,15,32,239,183,.270,.362,0,1005,0,2001,verasqu01
FALSE,FALSE,Gino Cimoli,10,3054,370,808,133,48,44,321,21,.265,.383,1,1169,0,1965,cimolgi01
FALSE,FALSE,Joe Werrick,4,1534,217,383,53,34,10,212,83,.250,.348,0,534,0,1888,werrijo01
FALSE,FALSE,Steve Braun,15,3650,466,989,155,19,52,388,45,.271,.367,0,1338,0,1985,braunst01
FALSE,FALSE,Cliff Bolton,7,962,113,280,49,18,6,143,3,.291,.398,0,383,0,1941,boltocl01
FALSE,FALSE,Rich Morales,8,1053,81,205,26,3,6,64,7,.195,.242,0,255,0,1974,moralri01
FALSE,FALSE,Laynce Nix,11,1915,235,460,110,11,69,249,9,.240,.417,0,799,0,2013,nixla01
FALSE,FALSE,Pid Purdy,4,499,74,146,22,11,2,59,3,.293,.393,0,196,0,1929,purdypi01
FALSE,FALSE,John Morris,7,614,60,145,15,8,8,63,15,.236,.326,0,200,0,1992,morrijo07
FALSE,FALSE,Frank Taveras,11,4043,503,1029,144,44,2,214,300,.255,.313,0,1267,1,1982,taverfr01
FALSE,FALSE,Rube Walker,11,1585,114,360,69,3,35,192,3,.227,.341,0,540,0,1958,walkeru01
FALSE,FALSE,Oscar Walker,6,1128,155,287,46,23,11,51,0,.254,.365,0,412,0,1885,walkeos01
FALSE,FALSE,Wally Backman,14,3245,482,893,138,19,10,240,117,.275,.339,0,1099,0,1993,backmwa01
FALSE,FALSE,Jerry Kindall,9,2057,211,439,83,9,44,198,17,.213,.327,0,672,0,1965,kindaje01
FALSE,FALSE,Jerry Browne,10,3190,431,866,135,25,23,288,73,.271,.351,0,1120,0,1995,brownje01
FALSE,FALSE,Herschel Bennett,5,877,135,242,41,13,7,104,13,.276,.376,0,330,0,1927,bennehe01
FALSE,FALSE,Phil Lewis,4,1775,146,429,33,13,4,130,55,.242,.282,0,500,0,1908,lewisph01
FALSE,FALSE,Ben Francisco,7,1579,199,400,104,3,50,190,30,.253,.418,0,660,0,2013,francbe01
FALSE,FALSE,Max West,7,2676,338,681,136,20,77,380,19,.254,.407,1,1088,0,1948,westma02
FALSE,FALSE,Dario Lodigiani,6,1364,142,355,71,7,16,156,12,.260,.358,0,488,0,1946,lodigda01
FALSE,FALSE,Ryan Church,7,1894,251,500,134,7,56,267,21,.264,.431,0,816,1,2010,churcry01
FALSE,FALSE,Max Venable,12,1397,176,337,57,17,18,128,64,.241,.345,0,482,0,1991,venabma01
FALSE,FALSE,Frank Dillon,5,1181,146,298,44,16,1,116,34,.252,.319,0,377,0,1904,dillopo01
FALSE,FALSE,Carlos Paula,3,457,44,124,23,8,9,60,2,.271,.416,0,190,0,1956,paulaca01
FALSE,FALSE,Nick Hundley,12,3097,319,766,169,20,93,376,15,.247,.405,0,1254,1,2019,hundlni01
FALSE,FALSE,Nate Schierholtz,8,2090,238,529,118,22,52,228,30,.253,.405,0,847,0,2014,schiena01
FALSE,FALSE,Rich Gedman,13,3159,331,795,176,12,88,382,3,.252,.399,2,1259,2,1992,gedmari01
FALSE,FALSE,Tony Gwynn,8,1600,192,381,48,23,7,98,80,.238,.310,0,496,0,2014,gwynnto02
FALSE,FALSE,Hyun Soo Kim,2,517,56,141,24,2,7,36,1,.273,.368,0,190,0,2017,kimhy01
FALSE,FALSE,Bruce Edwards,10,1675,191,429,67,20,39,241,9,.256,.390,3,653,2,1956,edwarbr01
FALSE,FALSE,Johnny Jeter,6,873,108,213,27,10,18,69,28,.244,.360,0,314,0,1974,jeterjo01
FALSE,FALSE,Jolbert Cabrera,8,1406,189,362,79,9,18,157,38,.257,.365,0,513,0,2008,cabrejo02
FALSE,FALSE,Rowland Office,11,2413,259,626,101,11,32,242,27,.259,.350,0,845,0,1983,officro01
FALSE,FALSE,Rafael Santana,7,2021,188,497,74,5,13,156,3,.246,.307,0,620,0,1990,santara01
FALSE,FALSE,Don Hoak,11,4322,598,1144,214,44,89,498,64,.265,.396,1,1713,0,1964,hoakdo01
FALSE,FALSE,Bobby Young,8,2447,244,609,68,28,15,137,18,.249,.318,0,778,0,1958,youngbo01
FALSE,FALSE,Jerry Kenney,6,1369,165,325,38,13,7,103,59,.237,.299,0,410,0,1973,kenneje01
FALSE,FALSE,Henry Larkin,10,4718,925,1429,259,114,53,836,129,.303,.440,0,2075,0,1893,larkihe01
FALSE,FALSE,Frank Malzone,12,5428,647,1486,239,21,133,728,14,.274,.399,6,2166,4,1966,malzofr01
FALSE,FALSE,Tuffy Gosewisch,5,420,25,80,17,1,5,30,2,.190,.271,0,114,0,2017,gosewtu01
FALSE,FALSE,Sam Langford,3,495,61,136,22,8,5,57,3,.275,.382,0,189,0,1928,langfsa01
FALSE,FALSE,Rance Mulliniks,16,3569,445,972,226,17,73,435,15,.272,.407,0,1451,0,1992,mullira01
FALSE,FALSE,Spike Owen,13,4930,587,1211,215,59,46,439,82,.246,.341,0,1682,1,1995,owensp01
FALSE,FALSE,Mike Richardt,4,580,46,131,15,1,4,60,11,.226,.276,0,160,0,1984,richami01
FALSE,FALSE,Jack Carney,3,946,120,258,30,13,7,129,40,.273,.354,0,335,0,1891,carnejo01
FALSE,FALSE,Wattie Holm,7,1493,207,410,73,26,6,174,11,.275,.370,0,553,0,1932,holmwa01
FALSE,FALSE,Dick Kryhoski,7,1794,203,475,85,14,45,231,5,.265,.403,0,723,0,1955,kryhodi01
FALSE,FALSE,Ed Sicking,5,597,51,135,13,2,0,59,14,.226,.255,0,152,0,1927,sickied01
FALSE,FALSE,Buddy Biancalana,6,550,70,113,16,7,6,30,8,.205,.293,0,161,0,1987,biancbu01
FALSE,FALSE,Herm Doscher,6,436,36,98,14,0,0,40,1,.225,.257,0,112,0,1882,doschhe01
FALSE,FALSE,Shorty Fuller,9,3678,651,863,96,43,6,349,260,.235,.289,0,1063,0,1896,fullesh01
FALSE,FALSE,Wayne Terwilliger,9,2091,271,501,93,10,22,162,31,.240,.325,0,680,0,1960,terwiwa01
FALSE,FALSE,Tom McBride,6,1186,140,326,39,16,2,141,13,.275,.340,0,403,0,1948,mcbrito01
FALSE,FALSE,Tim Foli,16,6047,576,1515,241,20,25,501,81,.251,.309,0,1871,0,1985,foliti01
FALSE,FALSE,Earl McNeely,8,2254,369,614,107,33,4,213,69,.272,.354,0,799,0,1931,mcneeea01
FALSE,FALSE,Quinton McCracken,12,2462,359,675,118,32,21,244,89,.274,.374,0,920,1,2006,mccraqu01
FALSE,FALSE,Esteban German,10,1016,159,284,54,15,8,111,34,.280,.386,0,392,0,2011,germaes01
FALSE,FALSE,Lew Riggs,10,2477,298,650,110,43,28,271,22,.262,.375,1,930,0,1946,riggsle01
FALSE,FALSE,Manny Jimenez,7,1003,90,273,43,4,26,144,0,.272,.401,0,402,0,1969,jimenma01
FALSE,FALSE,Curt Ford,6,742,88,182,37,8,7,89,36,.245,.345,0,256,0,1990,fordcu01
FALSE,FALSE,Todd Pratt,14,1612,194,404,84,3,49,224,6,.251,.398,0,641,0,2006,prattto02
FALSE,FALSE,Jocko Halligan,3,737,123,207,30,15,10,132,23,.281,.403,0,297,0,1892,hallijo01
FALSE,FALSE,Jack Shepard,4,751,72,195,29,6,12,75,2,.260,.362,0,272,0,1956,shepaja01
FALSE,FALSE,Ed Gremminger,4,1420,140,356,58,24,7,164,22,.251,.340,0,483,0,1904,gremmed01
FALSE,FALSE,Thorny Hawkes,2,401,40,94,10,3,0,20,0,.234,.274,0,110,0,1884,hawketh01
FALSE,FALSE,Fritz Knothe,2,615,70,135,26,3,2,53,8,.220,.281,0,173,0,1933,knothfr01
FALSE,FALSE,Greg Brock,10,3202,420,794,141,6,110,462,41,.248,.399,0,1277,0,1991,brockgr01
FALSE,FALSE,Bill Harbridge,9,1510,200,373,47,16,2,114,2,.247,.303,0,458,0,1884,harbibi01
FALSE,FALSE,Walt French,6,981,142,297,45,12,2,109,13,.303,.379,0,372,0,1929,frencwa01
FALSE,FALSE,John Farrell,5,2172,329,567,93,28,4,141,68,.261,.335,0,728,0,1905,farrejo02
FALSE,FALSE,Emmett Mueller,4,1281,144,324,55,11,17,127,10,.253,.353,0,452,0,1941,muellhe02
FALSE,FALSE,Johnny Burnett,9,1835,288,521,94,15,9,213,15,.284,.366,0,672,0,1935,burnejo01
FALSE,FALSE,Daryl Boston,11,2629,378,655,131,22,83,278,98,.249,.410,0,1079,0,1994,bostoda01
FALSE,FALSE,Jerry Lynch,13,2879,364,798,123,34,115,470,12,.277,.463,0,1334,0,1966,lynchje01
FALSE,FALSE,R. J. Reynolds,8,2270,288,605,121,17,35,294,109,.267,.381,0,865,0,1990,reynorj01
FALSE,FALSE,Johnny Mokan,7,1936,282,563,98,17,32,273,26,.291,.409,0,791,0,1927,mokanjo01
FALSE,FALSE,Al Woods,7,1986,233,538,98,14,35,196,23,.271,.387,0,769,0,1986,woodsal01
FALSE,FALSE,Jason Ellison,6,554,89,139,24,3,8,35,22,.251,.348,0,193,0,2008,ellisja01
FALSE,FALSE,Joe Foy,6,2484,355,615,102,16,58,291,99,.248,.372,0,923,0,1971,foyjo01
FALSE,FALSE,Mike Ramsey,7,786,81,189,26,6,2,57,14,.240,.296,0,233,0,1985,ramsemi01
FALSE,FALSE,John Orton,5,401,35,80,18,0,4,29,2,.200,.274,0,110,0,1993,ortonjo01
FALSE,FALSE,Kip Selbach,13,6165,1066,1807,301,149,44,779,334,.293,.412,0,2538,0,1906,selbaki01
FALSE,FALSE,Rube Ellis,4,1985,279,517,66,30,13,199,58,.260,.344,0,682,0,1912,ellisru01
FALSE,FALSE,Jack O'Connor,21,5383,714,1418,201,66,19,738,219,.263,.336,0,1808,0,1910,oconnja01
FALSE,FALSE,Reid Nichols,8,1160,156,308,63,8,22,131,27,.266,.391,0,453,0,1987,nichore01
FALSE,FALSE,Dave Berg,7,1600,190,430,91,6,21,163,8,.269,.373,0,596,0,2004,bergda01
FALSE,FALSE,Buzz Arlett,1,418,65,131,26,7,18,72,3,.313,.538,0,225,0,1931,arletbu01
FALSE,FALSE,Jose Cruz,12,4724,713,1167,252,36,204,624,113,.247,.445,0,2103,4,2008,cruzjo02
FALSE,FALSE,George Creamer,7,1862,234,400,55,28,1,99,0,.215,.276,0,514,0,1884,creamge01
FALSE,FALSE,Jay Canizaro,4,596,73,149,35,3,10,68,5,.250,.369,0,220,0,2002,canizja01
FALSE,FALSE,Nolan Reimold,8,1378,179,339,61,7,56,174,18,.246,.422,0,582,1,2016,reimono01
FALSE,FALSE,Eddie Mulligan,5,1235,143,287,41,24,1,88,23,.232,.307,0,379,0,1928,mullied01
FALSE,FALSE,Tom Haller,12,3935,461,1011,153,31,134,504,14,.257,.414,3,1628,0,1972,halleto01
FALSE,FALSE,Nick Allen,6,500,41,116,13,5,0,36,8,.232,.278,0,139,0,1920,allenni01
FALSE,FALSE,Tim Murnane,8,1632,336,426,32,9,5,130,39,.261,.301,0,491,0,1884,murnati01
FALSE,FALSE,Tom Pagnozzi,12,2896,247,733,153,11,44,320,18,.253,.359,1,1040,3,1998,pagnoto01
FALSE,FALSE,Paddy Baumann,7,904,118,248,30,13,4,101,30,.274,.350,0,316,0,1917,baumapa01
FALSE,FALSE,Mike Fiore,5,556,75,126,18,1,13,50,5,.227,.333,0,185,0,1972,fioremi01
FALSE,FALSE,Jesse Barfield,12,4759,715,1219,216,30,241,716,66,.256,.466,1,2218,4,1992,barfije01
FALSE,FALSE,Marty Barrett,10,3378,418,938,163,9,18,314,57,.278,.347,0,1173,1,1991,barrema02
FALSE,FALSE,Lou Finney,15,4631,643,1329,203,85,31,494,39,.287,.388,1,1795,0,1947,finnelo01
FALSE,FALSE,Chico Salmon,9,1667,202,415,70,6,31,149,46,.249,.354,0,590,0,1972,salmoch01
FALSE,FALSE,Ben Houser,3,472,58,126,21,5,9,68,3,.267,.390,0,184,0,1912,housebe01
FALSE,FALSE,Jimmy Welsh,6,2684,387,778,127,47,35,288,37,.290,.411,0,1104,0,1930,welshji01
FALSE,FALSE,Al Rosen,10,3725,603,1063,165,20,192,717,39,.285,.495,4,1844,5,1956,rosenal01
FALSE,FALSE,Bubba Phillips,10,3278,348,835,135,8,62,356,25,.255,.358,0,1172,0,1964,phillbu02
FALSE,FALSE,Roy Partee,5,1090,89,273,41,5,2,114,2,.250,.303,0,330,0,1948,partero01
FALSE,FALSE,Buster Adams,6,2003,282,532,96,12,50,249,12,.266,.400,0,802,0,1947,adamsbu01
FALSE,FALSE,Mickey Owen,13,3649,338,929,163,21,14,378,36,.255,.322,4,1176,1,1954,owenmi01
FALSE,FALSE,Gary Redus,13,3513,591,886,183,51,90,352,322,.252,.410,0,1441,1,1994,redusga01
FALSE,FALSE,Craig Worthington,7,1234,126,284,50,0,33,144,3,.230,.351,0,433,1,1996,worthcr01
FALSE,FALSE,David Bell,12,4826,587,1239,267,18,123,589,19,.257,.396,0,1911,0,2006,bellda01
FALSE,FALSE,Chris Burke,6,1267,176,303,71,6,23,111,40,.239,.359,0,455,0,2009,burkech01
FALSE,FALSE,Johnny Hudson,7,1169,138,283,50,11,4,96,17,.242,.314,0,367,0,1945,hudsojo01
FALSE,FALSE,Juan Beniquez,17,4651,610,1274,190,30,79,476,104,.274,.379,0,1761,1,1988,beniqju01
FALSE,FALSE,Bobby Mitchell,5,609,86,143,29,6,21,91,14,.235,.406,0,247,0,1975,mitchbo02
FALSE,FALSE,George Kottaras,7,722,92,155,40,3,32,101,3,.215,.411,0,297,0,2014,kottage01
FALSE,FALSE,Eddie Kazak,5,605,69,165,22,6,11,71,0,.273,.383,1,232,0,1952,kazaked01
FALSE,FALSE,Jeffrey Hammonds,13,3032,475,824,172,17,110,423,67,.272,.449,1,1360,1,2005,hammoje01
FALSE,FALSE,Steve Mesner,6,1574,153,397,67,6,2,167,11,.252,.306,0,482,0,1945,mesnest01
FALSE,FALSE,Lou Stringer,6,1196,148,290,49,10,19,122,7,.242,.348,0,416,0,1950,strinlo01
FALSE,FALSE,Charlie Bennett,15,3821,549,978,203,67,55,533,42,.256,.387,0,1480,0,1893,bennech01
FALSE,FALSE,Mark Quinn,4,1089,153,307,72,5,45,167,17,.282,.481,0,524,1,2002,quinnma01
FALSE,FALSE,Delmon Young,10,4108,473,1162,218,11,109,566,36,.283,.421,0,1729,3,2015,youngde03
FALSE,FALSE,Mickey Brantley,4,1138,154,295,56,8,32,125,34,.259,.407,0,463,0,1989,brantmi01
FALSE,FALSE,George Hogreiver,2,460,86,117,18,9,2,50,48,.254,.346,0,159,0,1901,hogrige01
FALSE,FALSE,Crash Davis,3,444,43,102,12,2,2,43,2,.230,.279,0,124,0,1942,daviscr01
FALSE,FALSE,Dave Skaggs,4,510,44,123,18,2,3,49,0,.241,.302,0,154,0,1980,skaggda01
FALSE,FALSE,Charlie Dexter,8,2876,430,751,95,24,16,347,183,.261,.328,0,942,0,1903,dextech01
FALSE,FALSE,Al Spohrer,8,2218,213,575,103,25,6,199,13,.259,.336,0,746,0,1935,spohral01
FALSE,FALSE,Jordany Valdespin,4,426,52,92,14,3,15,52,15,.216,.369,0,157,0,2015,valdejo02
FALSE,FALSE,Marlon Anderson,12,3204,392,849,174,20,63,371,71,.265,.391,0,1252,0,2009,anderma02
FALSE,FALSE,Russ Derry,4,553,68,124,17,7,17,73,2,.224,.373,0,206,0,1949,derryru01
FALSE,FALSE,Will Venable,9,2836,378,707,118,39,81,307,135,.249,.404,0,1146,1,2016,venabwi01
FALSE,FALSE,Einar Diaz,11,2061,222,523,116,6,21,202,21,.254,.346,0,714,0,2006,diazei01
FALSE,FALSE,Jim Dwyer,18,2761,409,719,115,17,77,349,26,.260,.398,0,1099,2,1990,dwyerji01
FALSE,FALSE,Bill Skowron,14,5547,681,1566,243,53,211,888,16,.282,.459,6,2548,1,1967,skowrbi01
FALSE,FALSE,Ryan Freel,8,1983,306,532,100,17,22,122,143,.268,.369,0,732,0,2009,freelry01
FALSE,FALSE,Bobby Vaughn,2,535,70,148,19,9,0,32,25,.277,.346,0,185,0,1915,vaughbo01
FALSE,FALSE,Les Mann,16,4716,677,1332,203,106,44,503,129,.282,.398,0,1879,0,1928,mannle01
FALSE,FALSE,Jason LaRue,12,2719,307,628,148,7,96,348,14,.231,.396,0,1078,0,2010,larueja01
FALSE,FALSE,Ryan Theriot,8,3246,446,911,138,18,17,257,121,.281,.350,0,1136,0,2012,theriry01
FALSE,FALSE,Dick Billings,8,1231,101,280,44,1,16,142,6,.227,.304,0,374,0,1975,billidi01
FALSE,FALSE,John Buck,11,3612,389,844,172,9,134,491,6,.234,.398,1,1436,0,2014,buckjo01
FALSE,FALSE,Hal Naragon,10,985,83,262,27,11,6,87,1,.266,.334,0,329,0,1962,naragha01
FALSE,FALSE,Luis Valbuena,11,3148,377,710,169,9,114,367,11,.226,.394,0,1239,0,2018,valbulu01
FALSE,FALSE,George Stovall,12,5222,547,1382,231,56,15,564,142,.265,.339,0,1770,0,1915,stovage01
FALSE,FALSE,Bill Hawes,2,504,99,128,10,7,4,9,0,.254,.325,0,164,0,1884,hawesbi01
FALSE,FALSE,Larry Bigbie,6,1227,164,328,56,4,31,137,25,.267,.395,0,485,0,2006,bigbila01
FALSE,FALSE,Heinie Wagner,12,3333,402,834,128,47,10,343,144,.250,.326,0,1086,1,1918,wagnehe01
FALSE,FALSE,Tim Hulett,12,2128,245,529,90,13,48,220,14,.249,.371,0,789,0,1995,huletti01
FALSE,FALSE,Mike Ferraro,4,500,28,116,18,2,2,30,0,.232,.288,0,144,0,1972,ferrami01
FALSE,FALSE,Pat Sheridan,9,2419,319,611,91,21,51,257,86,.253,.371,0,897,1,1991,sheripa01
FALSE,FALSE,Johnny Groth,15,3808,480,1064,197,31,60,486,19,.279,.395,0,1503,0,1960,grothjo01
FALSE,FALSE,Greasy Neale,8,2661,319,688,71,50,8,200,139,.259,.332,0,883,0,1924,nealegr01
FALSE,FALSE,Bret Barberie,6,1434,163,388,73,6,16,133,16,.271,.363,0,521,0,1996,barbebr01
FALSE,FALSE,Ethan Allen,13,4418,623,1325,255,45,47,501,84,.300,.410,0,1811,0,1938,allenet01
FALSE,FALSE,Rico Brogna,9,2958,379,795,176,13,106,458,32,.269,.445,0,1315,0,2001,brognri01
FALSE,FALSE,Tom Carey,9,2394,405,646,77,14,5,270,27,.270,.320,0,766,0,1879,careyto01
FALSE,FALSE,Tommie Aaron,7,944,102,216,42,6,13,94,9,.229,.327,0,309,0,1971,aaronto01
FALSE,FALSE,Benny Bengough,10,1125,83,287,46,12,0,108,2,.255,.317,0,357,0,1932,bengobe01
FALSE,FALSE,Tom Barlow,4,604,120,175,6,3,1,32,27,.290,.315,0,190,0,1875,barloto01
FALSE,FALSE,Rick Schu,9,1568,189,386,67,13,41,134,17,.246,.384,0,602,0,1996,schuri01
FALSE,FALSE,Ted Sizemore,12,5011,577,1311,188,21,23,430,59,.262,.321,0,1610,1,1980,sizemte01
FALSE,FALSE,Dickie Thon,15,4449,496,1176,193,42,71,435,167,.264,.374,1,1666,2,1993,thondi01
FALSE,FALSE,Bill Sweeney,3,1050,127,300,58,8,5,107,22,.286,.370,0,389,0,1931,sweenbi03
FALSE,FALSE,Thurman Tucker,9,2231,325,570,79,24,9,179,77,.255,.325,1,724,0,1951,tucketh01
FALSE,FALSE,Kirk Nieuwenhuis,6,978,128,216,59,4,31,117,20,.221,.384,0,376,0,2017,nieuwki01
FALSE,FALSE,Kyle Blanks,7,827,110,199,42,2,33,111,6,.241,.416,0,344,0,2015,blankky01
FALSE,FALSE,Jerry Dorgan,4,531,74,150,22,4,0,49,0,.282,.339,0,180,0,1885,dorgaje01
FALSE,FALSE,Phil Baker,3,817,134,212,20,11,3,34,16,.259,.322,0,263,0,1886,bakerph01
FALSE,FALSE,Felix Fermin,10,2767,294,718,86,11,4,207,27,.259,.303,0,838,0,1996,fermife01
FALSE,FALSE,Bud Clancy,9,1796,204,504,69,26,12,198,19,.281,.368,0,661,0,1934,clancbu01
FALSE,FALSE,Julio Borbon,5,802,112,219,19,8,8,76,47,.273,.347,0,278,0,2016,borboju01
FALSE,FALSE,Chase Headley,12,5088,637,1337,272,16,130,596,93,.263,.399,0,2031,6,2018,headlch01
FALSE,FALSE,Lou Chiozza,6,2288,303,633,107,22,14,197,45,.277,.361,0,826,0,1939,chiozlo01
FALSE,FALSE,Jim Russell,10,3595,554,959,175,51,67,428,59,.267,.400,0,1437,0,1951,russeji01
FALSE,FALSE,Josh Anderson,3,486,73,132,17,5,4,47,36,.272,.352,0,171,0,2009,anderjo03
FALSE,FALSE,Onix Concepcion,7,1041,108,249,34,7,3,80,25,.239,.294,0,306,0,1987,conceon01
FALSE,FALSE,Rusty Greer,9,3829,643,1166,258,25,119,614,31,.305,.478,0,1831,1,2002,greerru01
FALSE,FALSE,Larry Sheets,8,2284,273,607,98,5,94,339,6,.266,.437,0,997,0,1993,sheetla01
FALSE,FALSE,Merito Acosta,5,436,56,111,9,7,0,37,17,.255,.307,0,134,0,1918,acostme01
FALSE,FALSE,Billy Rhiel,4,519,61,138,26,8,7,68,2,.266,.387,0,201,0,1933,rhielbi01
FALSE,FALSE,Ryan Jackson,4,452,49,108,23,4,7,52,7,.239,.354,0,160,0,2002,jacksry01
FALSE,FALSE,Matt Downs,4,527,58,121,31,1,20,66,3,.230,.406,0,214,0,2012,downsma01
FALSE,FALSE,Lenny Randle,12,3950,488,1016,145,40,27,322,156,.257,.335,0,1322,1,1982,randlle01
FALSE,FALSE,Johnny Giavotella,7,1246,148,318,65,11,14,125,15,.255,.359,0,447,0,2017,giavojo01
FALSE,FALSE,Marvell Wynne,8,2693,300,664,107,28,40,244,80,.247,.352,0,947,0,1990,wynnema01
FALSE,FALSE,Robert Fick,10,2373,287,613,116,12,69,324,6,.258,.405,1,960,1,2007,fickro01
FALSE,FALSE,Harry Anderson,5,1586,199,419,82,16,60,242,3,.264,.450,0,713,0,1961,anderha02
FALSE,FALSE,Billy Sample,9,2516,371,684,127,9,46,230,98,.272,.384,0,967,0,1986,samplbi01
FALSE,FALSE,F. P. Santangelo,7,1691,258,415,87,14,21,162,37,.245,.351,0,593,0,2001,santafp01
FALSE,FALSE,Babe Phelps,11,2117,239,657,143,19,54,345,9,.310,.472,3,1000,0,1942,phelpba01
FALSE,FALSE,Rusty Kuntz,7,441,75,104,23,0,5,38,5,.236,.322,0,142,0,1985,kuntzru01
FALSE,FALSE,Pat Seerey,7,1815,236,406,73,5,86,261,3,.224,.412,0,747,0,1949,seerepa01
FALSE,FALSE,Johnny Mitchell,5,1175,152,288,38,8,2,63,14,.245,.296,0,348,0,1925,mitchjo01
FALSE,FALSE,Silver Flint,13,2913,380,687,129,34,21,295,12,.236,.325,0,947,0,1889,flintsi01
FALSE,FALSE,Danny Ainge,3,665,57,146,19,4,2,37,12,.220,.269,0,179,0,1981,aingeda01
FALSE,FALSE,Bob Will,6,819,87,202,35,9,9,87,2,.247,.344,0,282,0,1963,willbo01
FALSE,FALSE,Wilbert Robinson,17,5075,637,1388,212,51,18,722,196,.273,.346,0,1756,0,1902,robinwi01
FALSE,FALSE,Les Scarsella,5,898,109,255,34,16,6,109,13,.284,.378,0,339,0,1940,scarsle01
FALSE,FALSE,Roberto Pea,6,1907,174,467,65,10,13,154,10,.245,.310,0,591,0,1971,penaro01
FALSE,FALSE,Mike Stenhouse,5,416,40,79,15,0,9,40,1,.190,.291,0,121,0,1986,stenhmi01
FALSE,FALSE,Joe Vitiello,7,693,76,172,35,1,26,104,2,.248,.414,0,287,0,2003,vitiejo01
FALSE,FALSE,Luis Aguayo,10,1104,142,260,43,10,37,109,7,.236,.393,0,434,0,1989,aguaylu01
FALSE,FALSE,Wally Smith,3,510,56,117,15,11,2,53,12,.229,.314,0,160,0,1914,smithwa01
FALSE,FALSE,Gary Kolb,7,450,63,94,9,6,6,29,10,.209,.296,0,133,0,1969,kolbga01
FALSE,FALSE,Jim Lindeman,9,676,82,165,34,1,21,89,4,.244,.391,0,264,0,1994,lindeji01
FALSE,FALSE,Rickie Weeks,14,4417,733,1087,219,33,161,474,132,.246,.420,1,1855,0,2017,weeksri01
FALSE,FALSE,Dick Green,12,4007,427,960,145,23,80,422,26,.240,.347,0,1391,1,1974,greendi01
FALSE,FALSE,Frank LaPorte,11,4212,501,1185,198,79,15,560,101,.281,.377,0,1586,0,1915,laporfr01
FALSE,FALSE,Stan Spence,9,3871,541,1090,196,60,95,575,21,.282,.437,4,1691,3,1949,spencst01
FALSE,FALSE,Earl Battey,13,3586,393,969,150,17,104,449,13,.270,.409,4,1465,5,1967,batteea01
FALSE,FALSE,Luis Quinones,8,1003,102,227,36,11,19,106,9,.226,.341,0,342,1,1992,quinolu01
FALSE,FALSE,Zeke Bonura,7,3582,600,1099,232,29,119,704,19,.307,.487,0,1746,0,1940,bonurze01
FALSE,FALSE,Ed Herrmann,11,2729,247,654,92,4,80,320,6,.240,.364,1,994,0,1978,herrmed01
FALSE,FALSE,Sam Dungan,5,1543,214,464,71,26,3,197,38,.301,.386,0,596,0,1901,dungasa01
FALSE,FALSE,Charlie Householder,2,579,68,145,25,10,4,0,0,.250,.349,0,202,0,1884,housech02
FALSE,FALSE,Leron Lee,8,1617,173,404,83,13,31,152,19,.250,.375,0,606,0,1976,leele02
FALSE,FALSE,B. J. Upton,12,5175,723,1260,262,32,164,586,300,.243,.402,0,2078,4,2016,uptonbj01
FALSE,FALSE,Delino DeShields,13,5779,872,1548,244,74,80,561,463,.268,.377,0,2180,0,2002,deshide01
FALSE,FALSE,Fred Lewis,5,1318,224,390,70,13,4,119,8,.296,.378,0,498,0,1886,lewisfr01
FALSE,FALSE,Wilbur Howard,6,1068,149,267,37,11,6,71,60,.250,.322,0,344,0,1978,howarwi01
FALSE,FALSE,Frank Mancuso,4,1002,85,241,37,7,5,98,2,.241,.306,0,307,0,1947,mancufr01
FALSE,FALSE,Irv Noren,11,3119,443,857,157,35,65,453,34,.275,.410,1,1279,0,1960,norenir01
FALSE,FALSE,William Hoover,3,525,114,151,23,14,1,16,16,.288,.390,0,205,0,1892,hoovebu01
FALSE,FALSE,Joel Youngblood,14,3659,453,969,180,23,80,422,60,.265,.392,1,1435,0,1989,youngjo02
FALSE,FALSE,Johnny Rizzo,5,1842,268,497,90,16,61,289,7,.270,.435,0,802,0,1942,rizzojo01
FALSE,FALSE,Dave Bergman,17,2679,312,690,100,16,54,289,19,.258,.367,0,984,0,1992,bergmda01
FALSE,FALSE,John Sullivan,6,1833,203,422,52,9,1,162,18,.230,.270,0,495,0,1949,sullijo06
FALSE,FALSE,Jose Vidro,12,5113,720,1524,341,12,128,654,23,.298,.445,3,2273,1,2008,vidrojo01
FALSE,FALSE,Chick Fewster,11,1963,282,506,91,12,6,167,57,.258,.326,0,639,0,1927,fewstch01
FALSE,FALSE,Steve Bilko,10,1738,220,432,85,13,76,276,2,.249,.444,0,771,0,1962,bilkost01
FALSE,FALSE,Bruce Miller,4,553,43,136,14,4,1,51,1,.246,.291,0,161,0,1976,millebr01
FALSE,FALSE,Ozzie Timmons,5,405,62,95,20,1,20,60,4,.235,.437,0,177,0,2000,timmooz01
FALSE,FALSE,Bobby Floyd,7,425,41,93,18,1,0,26,2,.219,.266,0,113,0,1974,floydbo01
FALSE,FALSE,Fred Odwell,4,1412,198,365,42,30,10,168,72,.258,.352,0,497,0,1907,odwelfr01
FALSE,FALSE,Frank Gilhooley,9,1068,142,289,30,10,2,58,37,.271,.323,0,345,0,1919,gilhofr01
FALSE,FALSE,Les Fleming,7,1330,168,369,69,15,29,199,7,.277,.417,0,555,0,1949,flemile01
FALSE,FALSE,Al Smith,12,5357,843,1458,258,46,164,676,67,.272,.429,2,2300,0,1964,smithal04
FALSE,FALSE,Joe Glenn,8,718,77,181,34,5,5,89,6,.252,.334,0,240,0,1940,glennjo02
FALSE,FALSE,Johnny Lucadello,6,686,95,181,36,7,5,60,6,.264,.359,0,246,0,1947,lucadjo01
FALSE,FALSE,Steve Decker,7,688,60,152,21,2,13,72,2,.221,.314,0,216,0,1999,deckest01
FALSE,FALSE,John Kerins,7,2227,392,561,72,51,20,217,95,.252,.357,0,795,0,1890,kerinjo01
FALSE,FALSE,Ed Sweeney,9,1841,173,427,48,13,3,151,63,.232,.277,0,510,1,1919,sweened01
FALSE,FALSE,Mendy Lopez,7,422,45,102,18,5,6,40,7,.242,.351,0,148,0,2004,lopezme01
FALSE,FALSE,Joe Connolly,4,1241,202,358,65,31,14,157,48,.288,.425,0,527,0,1916,connojo04
FALSE,FALSE,Larry Cox,9,825,72,182,31,5,12,85,5,.221,.314,0,259,0,1982,coxla01
FALSE,FALSE,Earl Williams,8,3058,361,756,115,6,138,457,2,.247,.424,0,1297,2,1977,williea02
FALSE,FALSE,Jordan Pacheco,6,1076,98,293,62,4,10,114,8,.272,.365,0,393,0,2016,pachejo01
FALSE,FALSE,Pedro Ciriaco,6,612,70,164,32,7,5,51,35,.268,.368,0,225,0,2015,ciriape01
FALSE,FALSE,Michael Saunders,9,2455,324,570,123,19,81,263,55,.232,.397,1,974,0,2017,saundmi01
FALSE,FALSE,Patsy Donovan,17,7505,1321,2256,208,75,16,738,518,.301,.355,0,2662,0,1907,donovpa01
FALSE,FALSE,Ed Glenn,3,525,66,106,8,11,1,29,20,.202,.265,0,139,0,1888,glenned01
FALSE,FALSE,Pat Newnam,2,446,56,95,7,8,2,31,20,.213,.278,0,124,0,1911,newnapa01
FALSE,FALSE,Dayan Viciedo,5,1675,200,425,73,7,66,211,2,.254,.424,0,710,0,2014,vicieda01
FALSE,FALSE,Dick Culler,8,1527,195,372,39,6,2,99,19,.244,.281,0,429,0,1949,culledi01
FALSE,FALSE,Charlie Hemphill,11,4541,580,1230,117,68,22,421,207,.271,.341,0,1549,0,1911,hemphch01
FALSE,FALSE,Pepe Frias,9,1346,132,323,49,8,1,108,12,.240,.290,0,391,0,1981,friaspe01
FALSE,FALSE,Clyde Vollmer,10,2021,283,508,77,10,69,339,7,.251,.402,0,812,0,1954,vollmcl01
FALSE,FALSE,Kimera Bartee,6,416,69,90,12,5,4,33,36,.216,.298,0,124,0,2001,barteki01
FALSE,FALSE,Donnie Scott,4,443,34,96,22,0,7,43,1,.217,.314,0,139,0,1991,scottdo01
FALSE,FALSE,Dave Roberts,10,2017,194,483,77,7,49,208,27,.239,.357,0,721,0,1982,roberda06
FALSE,FALSE,Jerry DaVanon,8,499,73,117,21,5,3,50,3,.234,.315,0,157,0,1977,davanje01
FALSE,FALSE,Jim Traber,4,819,70,186,21,0,27,117,5,.227,.352,0,288,0,1989,trabeji01
FALSE,FALSE,Sam Khalifa,3,488,39,107,20,3,2,37,5,.219,.285,0,139,0,1987,khalisa01
FALSE,FALSE,Sam Crane,7,495,51,103,19,2,0,30,7,.208,.255,0,126,0,1922,cranesa02
FALSE,FALSE,Art Allison,5,741,106,188,19,8,1,70,10,.254,.305,0,226,0,1876,allisar01
FALSE,FALSE,Bob Dillinger,6,2904,401,888,123,47,10,213,106,.306,.391,1,1135,0,1951,dillibo01
FALSE,FALSE,Curt Roberts,3,575,54,128,24,9,1,40,7,.223,.301,0,173,0,1956,robercu01
FALSE,FALSE,Ellis Burton,5,556,79,120,24,4,17,59,11,.216,.365,0,203,0,1965,burtoel01
FALSE,FALSE,Bob Davis,8,665,50,131,19,3,6,51,0,.197,.262,0,174,0,1981,davisbo02
FALSE,FALSE,Rick Wilkins,11,2114,280,515,95,7,81,275,9,.244,.410,0,867,0,2001,wilkiri01
FALSE,FALSE,Pat Crawford,4,651,75,182,23,5,9,104,4,.280,.372,0,242,0,1934,crawfpa01
FALSE,FALSE,Bobby LaMotte,5,693,99,175,34,9,3,85,11,.253,.341,0,236,0,1926,lamotbo01
FALSE,FALSE,Mike Guerra,9,1581,168,382,42,14,9,168,25,.242,.303,0,479,0,1951,guerrmi01
FALSE,FALSE,Harry Lord,9,3691,509,1026,107,70,14,294,206,.278,.356,0,1315,5,1915,lordha01
FALSE,FALSE,Tony Boeckel,6,2880,372,813,130,36,27,337,90,.282,.381,0,1096,0,1923,boeckto01
FALSE,FALSE,Duke Farrell,18,5682,829,1572,211,123,52,916,150,.277,.385,0,2185,0,1905,farredu01
FALSE,FALSE,Pat Bourque,4,405,36,87,17,2,12,61,1,.215,.356,0,144,0,1974,bourqpa01
FALSE,FALSE,Lou Johnson,8,2049,244,529,97,14,48,232,50,.258,.389,0,798,0,1969,johnslo01
FALSE,FALSE,John Mayberry,7,1386,172,326,83,3,56,180,15,.235,.421,0,583,0,2015,maybejo02
FALSE,FALSE,Jim Donahue,5,1275,133,298,24,11,2,133,33,.234,.275,0,350,0,1891,donahji01
FALSE,FALSE,Ronnie Belliard,13,5045,685,1377,328,24,114,601,43,.273,.415,1,2095,0,2010,belliro01
FALSE,FALSE,Jackie Hayes,7,1148,106,267,63,10,10,81,0,.233,.331,0,380,0,1890,hayesja01
FALSE,FALSE,Tom Veryzer,12,2848,250,687,84,12,14,231,9,.241,.294,0,837,0,1984,veryzto01
FALSE,FALSE,Hector Villanueva,4,473,53,109,21,2,25,72,1,.230,.442,0,209,0,1993,villahe01
FALSE,FALSE,Jimmy Cooney,3,1302,221,315,35,14,4,118,77,.242,.300,0,390,0,1892,cooneji01
FALSE,FALSE,Joe Keough,6,863,95,212,26,5,9,81,9,.246,.319,0,275,0,1973,keougjo01
FALSE,FALSE,Sam LaRocque,3,482,66,120,22,5,2,50,28,.249,.328,0,158,0,1891,laroqsa01
FALSE,FALSE,Rick Auerbach,11,1407,167,309,56,5,9,86,36,.220,.286,0,402,0,1981,auerbri01
FALSE,TRUE,Ken Singleton,15,7189,985,2029,317,25,246,1065,21,.282,.436,3,3134,5,1984,singlke01
FALSE,TRUE,Wally Joyner,16,7127,973,2060,409,26,204,1106,60,.289,.440,1,3133,5,2001,joynewa01
FALSE,TRUE,Jim Spencer,15,4908,541,1227,179,27,146,599,11,.250,.387,2,1898,2,1982,spencji01
FALSE,TRUE,Sherry Magee,16,7441,1112,2169,425,166,83,1176,441,.291,.427,0,3175,4,1919,mageesh01
FALSE,TRUE,Cliff Floyd,17,5319,824,1479,340,23,233,865,148,.278,.482,1,2564,2,2009,floydcl01
FALSE,TRUE,Alfonso Soriano,16,7750,1152,2095,481,31,412,1159,289,.270,.500,7,3874,19,2014,soriaal01
FALSE,TRUE,Bernie Williams,16,7869,1366,2336,449,55,287,1257,147,.297,.477,5,3756,14,2006,willibe02
FALSE,TRUE,Don Mattingly,14,7003,1007,2153,442,20,222,1099,14,.307,.471,6,3301,32,1995,mattido01
FALSE,TRUE,Dick Groat,14,7484,829,2138,352,67,39,707,14,.286,.366,5,2741,5,1967,groatdi01
FALSE,TRUE,Tony Clark,15,4532,629,1188,233,11,251,824,6,.262,.485,1,2196,3,2009,clarkto02
FALSE,TRUE,Sonny Jackson,12,3055,396,767,81,28,7,162,126,.251,.303,0,925,0,1974,jacksso01
FALSE,TRUE,A. J. Pierzynski,19,7290,807,2043,407,24,188,909,15,.280,.420,2,3062,2,2016,pierzaj01
FALSE,TRUE,Lou Criger,16,3202,337,709,86,50,11,342,58,.221,.290,0,928,1,1912,crigelo01
FALSE,TRUE,Sean Casey,12,5066,690,1531,322,12,130,735,18,.302,.447,3,2267,3,2008,caseyse01
FALSE,TRUE,Gene Tenace,15,4390,653,1060,179,20,201,674,36,.241,.429,1,1882,5,1983,tenacge01
TRUE,TRUE,Mike Schmidt,18,8352,1506,2234,408,59,548,1595,174,.267,.527,12,4404,44,1989,schmimi01
FALSE,TRUE,Ken Keltner,13,5683,737,1570,308,69,163,852,39,.276,.441,7,2505,3,1950,keltnke01
FALSE,TRUE,George Selkirk,9,2790,503,810,131,41,108,576,49,.290,.483,2,1347,0,1942,selkige01
FALSE,TRUE,Tony Fernandez,17,7911,1057,2276,414,92,94,844,246,.288,.399,5,3156,6,2001,fernato01
FALSE,TRUE,Bill Nicholson,16,5546,837,1484,272,60,235,948,27,.268,.465,5,2581,7,1953,nichobi01
FALSE,TRUE,Ross Youngs,10,4627,812,1491,236,93,42,592,153,.322,.441,0,2039,5,1926,youngro01
FALSE,TRUE,Charlie Berry,11,2018,196,539,88,29,23,256,13,.267,.374,0,754,0,1938,berrych02
TRUE,TRUE,Tony Gwynn,20,9288,1383,3141,543,85,135,1138,319,.338,.459,15,4259,36,2001,gwynnto01
FALSE,TRUE,Jo-Jo Moore,12,5427,809,1615,258,53,79,513,46,.298,.408,6,2216,1,1941,moorejo02
FALSE,TRUE,Brian Giles,15,6527,1121,1897,411,55,287,1078,109,.291,.502,2,3279,5,2009,gilesbr02
FALSE,TRUE,Andre Thornton,14,5291,792,1342,244,22,253,895,48,.254,.452,2,2389,10,1987,thornan01
FALSE,TRUE,Larry Doby,13,5348,960,1515,243,52,253,970,47,.283,.490,7,2621,1,1959,dobyla01
FALSE,TRUE,Danny Murphy,16,5399,705,1563,289,102,44,702,193,.289,.405,0,2188,0,1915,murphda02
FALSE,TRUE,Pat Burrell,12,5503,767,1393,299,16,292,976,7,.253,.472,0,2600,2,2011,burrepa01
FALSE,TRUE,Charles Johnson,12,3836,465,940,211,4,167,570,6,.245,.433,2,1660,5,2005,johnsch04
TRUE,TRUE,Mike Piazza,16,6911,1048,2127,344,8,427,1335,17,.308,.545,14,3768,47,2007,piazzmi01
FALSE,TRUE,Tony Phillips,18,7617,1300,2023,360,50,160,819,177,.266,.389,0,2963,2,1999,phillto02
FALSE,TRUE,Bob Johnson,13,6920,1239,2051,396,95,288,1283,96,.296,.506,8,3501,1,1945,johnsbo01
TRUE,TRUE,Manny Ramirez,19,8244,1544,2574,547,20,555,1831,38,.312,.585,13,4826,43,2011,ramirma02
FALSE,TRUE,Brett Butler,17,8180,1359,2375,277,131,54,578,558,.290,.376,1,3076,6,1997,butlebr01
FALSE,TRUE,Otto Knabe,11,4469,572,1103,178,48,8,365,143,.247,.313,0,1401,0,1916,knabeot01
FALSE,TRUE,Torii Hunter,19,8857,1296,2452,498,39,353,1391,195,.277,.461,5,4087,20,2015,hunteto01
FALSE,TRUE,Felipe Alou,17,7339,985,2101,359,49,206,852,107,.286,.433,3,3176,1,1974,aloufe01
FALSE,TRUE,Travis Fryman,13,6481,895,1776,345,40,223,1022,72,.274,.443,5,2870,7,2002,frymatr01
FALSE,TRUE,Willie Wilson,19,7731,1169,2207,281,147,41,585,668,.285,.376,2,2905,5,1994,wilsowi02
FALSE,TRUE,Chick Hafey,13,4625,777,1466,341,67,164,833,70,.317,.526,1,2433,4,1937,hafeych01
FALSE,TRUE,Kenny Lofton,17,8120,1528,2428,383,116,130,781,622,.299,.423,6,3433,7,2007,loftoke01
TRUE,TRUE,Bill Dickey,17,6300,930,1969,343,72,202,1209,37,.313,.486,11,3062,20,1946,dickebi01
FALSE,TRUE,Harry Steinfeldt,14,5900,759,1578,284,90,27,762,202,.267,.360,0,2123,0,1911,steinha01
FALSE,TRUE,Jose Cardenal,18,6964,936,1913,333,46,138,775,329,.275,.395,0,2752,0,1980,cardejo02
FALSE,TRUE,Bobby Adams,14,4019,591,1082,188,49,37,303,67,.269,.368,0,1479,0,1959,adamsbo03
FALSE,TRUE,Luis Gonzalez,19,9157,1412,2591,596,68,354,1439,128,.283,.479,5,4385,9,2008,gonzalu01
FALSE,TRUE,David Segui,15,4847,683,1412,284,16,139,684,17,.291,.443,0,2145,2,2004,seguida01
FALSE,TRUE,Ellis Burks,18,7232,1253,2107,402,63,352,1206,181,.291,.510,2,3691,13,2004,burksel01
FALSE,TRUE,Moe Berg,15,1813,150,441,71,6,6,206,11,.243,.299,0,542,0,1939,bergmo01
TRUE,TRUE,Brooks Robinson,23,10654,1232,2848,482,68,268,1357,28,.267,.401,15,4270,32,1977,robinbr01
FALSE,TRUE,Dick Bartell,18,7629,1130,2165,442,71,79,710,109,.284,.391,2,2986,2,1946,bartedi01
FALSE,TRUE,Del Ennis,14,7254,985,2063,358,69,288,1284,45,.284,.472,3,3423,2,1959,ennisde01
FALSE,TRUE,Graig Nettles,22,8986,1193,2225,328,28,390,1314,32,.248,.421,6,3779,13,1988,nettlgr01
TRUE,TRUE,Rogers Hornsby,23,8173,1579,2930,541,169,301,1584,135,.358,.577,0,4712,27,1937,hornsro01
FALSE,TRUE,Jason Varitek,15,5099,664,1307,306,14,193,757,25,.256,.435,3,2220,4,2011,varitja01
FALSE,TRUE,Billy Sullivan,16,3647,363,777,119,33,21,378,98,.213,.281,0,1025,2,1916,sullibi03
FALSE,TRUE,Mo Vaughn,12,5532,861,1620,270,10,328,1064,30,.293,.523,3,2894,9,2003,vaughmo01
FALSE,TRUE,Paul Casanova,10,2786,214,627,87,12,50,252,2,.225,.319,1,888,1,1974,casanpa01
TRUE,TRUE,Edgar Martinez,18,7213,1219,2247,514,15,309,1261,49,.312,.515,7,3718,27,2004,martied01
FALSE,TRUE,Hank Edwards,11,2191,285,613,116,41,51,276,9,.280,.440,0,964,0,1953,edwarha01
FALSE,TRUE,Jeff Conine,17,6957,870,1982,385,36,214,1071,54,.285,.443,2,3081,3,2007,coninje01
FALSE,TRUE,Ron Fairly,21,7184,931,1913,307,33,215,1044,35,.266,.408,2,2931,0,1978,fairlro01
FALSE,TRUE,Rich Dauer,10,3829,448,984,193,3,43,372,6,.257,.343,0,1312,0,1985,dauerri01
FALSE,TRUE,Johnny Damon,18,9736,1668,2769,522,109,235,1139,408,.284,.433,2,4214,7,2012,damonjo01
FALSE,TRUE,Toby Harrah,17,7402,1115,1954,307,40,195,918,238,.264,.395,4,2926,2,1986,harrato01
FALSE,TRUE,Willie Montanez,14,5843,645,1604,279,25,139,802,32,.275,.402,1,2350,4,1982,montawi01
TRUE,TRUE,Tony Perez,23,9778,1272,2732,505,79,379,1652,49,.279,.463,7,4532,7,1986,perezto01
FALSE,TRUE,Claude Ritchey,13,5923,709,1619,216,68,18,675,155,.273,.342,0,2025,0,1909,ritchcl01
FALSE,TRUE,Roger Peckinpaugh,17,7233,1006,1876,256,75,48,740,205,.259,.335,0,2426,4,1927,peckiro01
FALSE,TRUE,Dave Cash,12,5554,732,1571,243,56,21,426,120,.283,.358,3,1989,2,1980,cashda01
FALSE,TRUE,Tony Oliva,15,6301,870,1917,329,48,220,947,86,.304,.476,8,3002,11,1976,olivato01
FALSE,TRUE,Marty McManus,15,6660,1008,1926,401,88,120,999,126,.289,.430,0,2863,0,1934,mcmanma01
FALSE,TRUE,Jack Clark,18,6847,1118,1826,332,39,340,1180,77,.267,.476,4,3256,10,1992,clarkja01
TRUE,TRUE,Johnny Bench,17,7658,1091,2048,381,24,389,1376,68,.267,.476,14,3644,30,1983,benchjo01
FALSE,TRUE,Felix Millan,12,5791,699,1617,229,38,22,403,67,.279,.343,3,1988,3,1977,millafe01
FALSE,TRUE,Wally Pipp,15,6914,974,1941,311,148,90,998,125,.281,.408,0,2818,1,1928,pippwa01
FALSE,TRUE,Luis Castillo,15,6510,1001,1889,194,59,28,443,370,.290,.351,3,2285,4,2010,castilu01
FALSE,TRUE,Jose Cruz,19,7917,1036,2251,391,94,165,1077,317,.284,.420,2,3325,7,1988,cruzjo01
FALSE,TRUE,Phil Gagliano,12,1411,150,336,50,7,14,159,5,.238,.313,0,442,0,1974,gagliph01
FALSE,TRUE,Manny Mota,20,3779,496,1149,125,52,31,438,50,.304,.389,1,1471,1,1982,motama01
FALSE,TRUE,Bill Bruton,12,6056,937,1651,241,102,94,545,207,.273,.393,0,2378,0,1964,brutobi01
FALSE,TRUE,Joe Boley,6,1780,203,478,88,22,7,227,15,.269,.354,0,631,0,1932,boleyjo01
FALSE,TRUE,Jeromy Burnitz,14,5710,917,1447,298,29,315,981,74,.253,.481,1,2748,2,2006,burnije01
TRUE,TRUE,Frank Thomas,19,8199,1494,2468,495,12,521,1704,32,.301,.555,5,4550,37,2008,thomafr04
FALSE,TRUE,Ron Santo,15,8143,1138,2254,365,67,342,1331,35,.277,.464,9,3779,12,1974,santoro01
FALSE,TRUE,Rick Reichardt,11,3307,391,864,109,24,116,445,40,.261,.414,0,1369,0,1974,reichri01
FALSE,TRUE,Red Schoendienst,19,8479,1223,2449,427,78,84,773,89,.289,.387,11,3284,3,1963,schoere01
FALSE,TRUE,Garry Templeton,16,7721,893,2096,329,106,70,728,242,.271,.369,3,2847,5,1991,templga01
FALSE,TRUE,Birdie Tebbetts,14,3704,357,1000,169,22,38,469,29,.270,.358,4,1327,3,1952,tebbebi01
FALSE,TRUE,Keith Hernandez,17,7370,1124,2182,426,60,162,1071,98,.296,.436,5,3214,27,1990,hernake01
FALSE,TRUE,Pinky Higgins,14,6636,930,1941,374,51,140,1075,61,.292,.428,3,2837,5,1946,higgipi01
FALSE,TRUE,Sam Chapman,11,4988,754,1329,210,52,180,773,41,.266,.438,1,2183,0,1951,chapmsa01
FALSE,TRUE,Prince Fielder,12,5821,862,1645,321,10,319,1028,18,.283,.506,6,2943,20,2016,fieldpr01
FALSE,TRUE,Otis Nixon,17,5115,878,1379,142,27,11,318,620,.270,.314,0,1608,0,1999,nixonot01
FALSE,TRUE,Pep Young,10,2466,274,645,128,34,32,347,18,.262,.380,0,937,0,1945,youngpe01
TRUE,TRUE,Lou Boudreau,15,6029,861,1779,385,66,68,789,51,.295,.415,8,2500,11,1952,boudrlo01
FALSE,TRUE,Rich Aurilia,15,5721,745,1576,301,22,186,756,23,.275,.433,1,2479,4,2009,aurilri01
FALSE,TRUE,Chris Chambliss,17,7571,912,2109,392,42,185,972,40,.279,.415,1,3140,6,1988,chambch01
FALSE,TRUE,Larry Stahl,10,1721,167,400,58,19,36,163,22,.232,.351,0,604,0,1973,stahlla01
FALSE,TRUE,Todd Walker,12,4554,647,1316,284,30,107,545,66,.289,.435,0,1981,1,2007,walketo04
FALSE,TRUE,Bill Robinson,16,4364,536,1127,229,29,166,641,71,.258,.438,0,1912,0,1983,robinbi02
FALSE,TRUE,Phil Nevin,12,4188,584,1131,209,6,208,743,18,.270,.472,1,1976,3,2006,nevinph01
FALSE,TRUE,Jacoby Ellsbury,11,4846,749,1376,241,47,104,512,343,.284,.417,1,2023,9,2017,ellsbja01
FALSE,TRUE,Brian Jordan,15,5160,755,1454,267,37,184,821,119,.282,.455,1,2347,5,2006,jordabr01
FALSE,TRUE,Raul Mondesi,13,5814,909,1589,319,49,271,860,229,.273,.485,1,2819,9,2005,mondera01
TRUE,TRUE,Duke Snider,18,7161,1259,2116,358,85,407,1333,99,.295,.540,8,3865,6,1964,snidedu01
FALSE,TRUE,Bill Dahlen,21,9036,1590,2461,413,163,84,1234,548,.272,.382,0,3452,0,1911,dahlebi01
TRUE,TRUE,George Brett,21,10349,1583,3154,665,137,317,1596,201,.305,.487,13,5044,32,1993,brettge01
TRUE,TRUE,Ken Griffey,22,9801,1662,2781,524,38,630,1836,184,.284,.538,13,5271,44,2010,griffke02
FALSE,TRUE,Phil Garner,16,6136,780,1594,299,82,109,738,225,.260,.389,4,2384,4,1988,garneph01
FALSE,TRUE,Herman Long,16,7678,1456,2129,342,97,91,1055,537,.277,.383,0,2938,0,1904,longhe01
FALSE,TRUE,Jermaine Dye,14,6487,984,1779,363,25,325,1072,46,.274,.488,2,3167,15,2009,dyeje01
FALSE,TRUE,Dick McAuliffe,16,6185,888,1530,231,71,197,697,63,.247,.403,3,2494,0,1975,mcauldi01
FALSE,TRUE,Wally Moon,12,4843,737,1399,212,60,142,661,89,.289,.445,2,2157,3,1965,moonwa01
FALSE,TRUE,Curt Flood,15,6357,851,1861,271,44,85,636,88,.293,.389,3,2475,8,1971,floodcu01
FALSE,TRUE,Duke Sims,11,2422,263,580,80,6,100,310,6,.239,.401,0,972,0,1974,simsdu01
FALSE,TRUE,Jason Jones,1,107,11,23,6,0,3,11,0,.215,.355,0,38,0,2003,jonesja05
FALSE,TRUE,Connie Mack,11,2698,392,659,79,28,5,265,127,.244,.300,0,809,0,1896,mackco01
FALSE,TRUE,Andy Van Slyke,13,5711,835,1562,293,91,164,792,245,.274,.443,3,2529,11,1995,vanslan01
FALSE,TRUE,Ryan Klesko,16,5611,874,1564,343,33,278,987,91,.279,.500,1,2807,3,2007,kleskry01
FALSE,TRUE,Earl Torgeson,15,4969,848,1318,215,46,149,740,133,.265,.417,0,2072,0,1961,torgeea01
FALSE,TRUE,Dave Bancroft,16,7182,1048,2004,320,77,32,591,145,.279,.358,0,2574,8,1930,bancrda01
FALSE,TRUE,Jose Pagan,15,3689,387,922,138,26,52,372,46,.250,.344,0,1268,0,1973,paganjo01
FALSE,TRUE,Del Rice,17,3826,342,908,177,20,79,441,2,.237,.356,1,1362,0,1961,ricede01
TRUE,TRUE,Roberto Alomar,17,9073,1508,2724,504,80,210,1134,474,.300,.443,12,4018,24,2004,alomaro01
FALSE,TRUE,Bob Horner,10,3777,560,1047,169,8,218,685,14,.277,.499,1,1886,7,1988,hornebo01
FALSE,TRUE,Hank Severeid,15,4312,408,1245,204,42,17,539,35,.289,.367,0,1584,0,1926,severha01
FALSE,TRUE,Gabby Street,8,1501,98,312,44,11,2,105,17,.208,.256,0,384,1,1931,streega01
FALSE,TRUE,Bob Boone,19,7245,679,1838,303,26,105,826,38,.254,.346,4,2508,9,1990,boonebo01
FALSE,TRUE,Bill Mazeroski,17,7755,769,2016,294,62,138,853,27,.260,.367,7,2848,13,1972,mazerbi01
FALSE,TRUE,Bill Hinchman,10,3043,364,793,128,69,20,369,85,.261,.368,0,1119,0,1920,hinchbi01
FALSE,TRUE,Al Oliver,18,9049,1189,2743,529,77,219,1326,84,.303,.451,7,4083,15,1985,oliveal01
FALSE,TRUE,Brian Downing,20,7853,1188,2099,360,28,275,1073,50,.267,.425,1,3340,2,1992,downibr01
FALSE,TRUE,George Foster,18,7023,986,1925,307,47,348,1239,51,.274,.480,5,3370,21,1986,fostege01
FALSE,TRUE,Jim Eisenreich,15,3995,492,1160,221,39,52,477,105,.290,.404,0,1615,0,1998,eisenji01
FALSE,TRUE,Bob O'Farrell,21,4101,517,1120,201,58,51,549,35,.273,.388,0,1590,4,1935,ofarrbo01
FALSE,TRUE,Hughie Jennings,18,4895,992,1526,232,88,18,840,359,.312,.406,0,1988,0,1918,jennihu01
FALSE,TRUE,Freddy Leach,10,3733,543,1147,196,53,72,509,32,.307,.446,0,1665,0,1932,leachfr01
FALSE,TRUE,Adrian Gonzalez,15,7139,997,2050,437,12,317,1202,6,.287,.485,5,3462,18,2018,gonzaad01
FALSE,TRUE,Ray Blades,10,2415,467,726,133,51,50,340,33,.301,.460,0,1111,0,1932,bladera01
FALSE,TRUE,Ken McMullen,16,5131,568,1273,172,26,156,606,20,.248,.383,0,1965,0,1977,mcmulke01
FALSE,TRUE,Bobby Thomson,15,6305,903,1705,267,74,264,1026,38,.270,.462,3,2912,0,1960,thomsbo01
FALSE,TRUE,Charles Zimmer,19,4546,617,1225,222,76,26,625,151,.269,.369,0,1677,0,1903,zimmech01
FALSE,TRUE,Bill Madlock,15,6594,920,2008,348,34,163,860,174,.305,.442,3,2913,6,1987,madlobi01
FALSE,TRUE,Harry Davis,22,6653,1001,1841,361,145,75,951,285,.277,.408,0,2717,0,1917,davisha01
FALSE,TRUE,Ken Williams,14,4862,860,1552,285,77,196,913,154,.319,.530,0,2579,0,1929,willike01
FALSE,TRUE,Vernon Wells,15,6642,930,1794,379,34,270,958,109,.270,.459,3,3051,9,2013,wellsve01
FALSE,TRUE,Orlando Hudson,11,4825,648,1319,256,66,93,542,85,.273,.412,2,1986,5,2012,hudsoor01
FALSE,TRUE,David Wright,14,5998,949,1777,390,26,242,970,196,.296,.491,7,2945,13,2018,wrighda03
FALSE,TRUE,Chris Speier,19,7156,770,1759,302,50,112,720,42,.246,.349,3,2497,1,1989,speiech01
FALSE,TRUE,Jose Bautista,15,6051,1022,1496,312,17,344,975,70,.247,.475,6,2874,16,2018,bautijo02
FALSE,TRUE,Eddie Grant,10,3385,399,844,79,30,5,277,153,.249,.295,0,998,0,1915,granted01
FALSE,TRUE,Pat Moran,14,2634,198,618,102,24,18,262,55,.235,.312,0,822,0,1914,moranpa01
FALSE,TRUE,John Briggs,12,4117,601,1041,170,43,139,507,64,.253,.416,0,1714,0,1975,briggjo02
FALSE,TRUE,Jimmy Sheckard,17,7605,1296,2084,354,136,56,813,465,.274,.378,0,2878,0,1913,sheckji01
FALSE,TRUE,Kent Hrbek,14,6192,903,1749,312,18,293,1086,37,.282,.481,1,2976,8,1994,hrbekke01
FALSE,TRUE,Mark Grudzielanek,15,7052,946,2040,391,36,90,640,133,.289,.393,1,2773,1,2010,grudzma01
FALSE,TRUE,Chuck Klein,17,6486,1168,2076,398,74,300,1201,79,.320,.543,2,3522,11,1944,kleinch01
FALSE,TRUE,Earl Smith,12,2264,225,686,115,19,46,355,18,.303,.432,0,977,3,1930,smithea02
FALSE,TRUE,Jim Northrup,12,4692,603,1254,218,42,153,610,39,.267,.429,0,2015,0,1975,northji01
FALSE,TRUE,Stuffy McInnis,19,7822,872,2405,312,101,20,1063,172,.307,.381,0,2979,5,1927,mcinnst01
FALSE,TRUE,Larry Brown,12,3449,331,803,108,13,47,254,22,.233,.313,0,1078,0,1974,brownla01
FALSE,TRUE,Bill Wambsganss,13,5237,710,1359,215,59,7,520,140,.259,.327,0,1713,0,1926,wambsbi01
FALSE,TRUE,Ira Thomas,10,1352,124,327,46,17,3,155,20,.242,.308,0,416,3,1915,thomair01
FALSE,TRUE,Billy Southworth,13,4359,661,1296,173,91,52,561,138,.297,.415,0,1807,0,1929,southbi01
FALSE,TRUE,Bill Mueller,11,4223,663,1229,265,22,85,493,20,.291,.425,0,1793,3,2006,muellbi02
FALSE,TRUE,Lou Whitaker,19,8570,1386,2369,420,65,244,1084,143,.276,.426,5,3651,12,1995,whitalo01
FALSE,TRUE,Justin Morneau,14,5699,772,1603,349,23,247,985,5,.281,.481,4,2739,8,2016,morneju01
FALSE,TRUE,Tommy Leach,19,7959,1355,2143,266,172,63,810,361,.269,.370,0,2942,3,1918,leachto01
FALSE,TRUE,Hideki Matsui,10,4442,656,1253,249,12,175,760,13,.282,.462,2,2051,7,2012,matsuhi01
FALSE,TRUE,Jayson Werth,15,5484,883,1465,300,22,229,799,132,.267,.455,1,2496,5,2017,werthja01
FALSE,TRUE,Garret Anderson,17,8640,1084,2529,522,36,287,1365,80,.293,.461,3,3984,9,2010,anderga01
FALSE,TRUE,Del Unser,15,5215,617,1344,179,42,87,481,64,.258,.358,0,1868,1,1982,unserde01
FALSE,TRUE,Jimmie Wilson,18,4778,580,1358,252,32,32,621,86,.284,.370,2,1770,2,1940,wilsoji01
TRUE,TRUE,Mickey Cochrane,13,5169,1041,1652,333,64,119,832,64,.320,.478,2,2470,28,1937,cochrmi01
FALSE,TRUE,Babe Herman,13,5603,882,1818,399,110,181,997,94,.324,.532,0,2980,0,1945,hermaba01
FALSE,TRUE,Al Bumbry,14,5053,778,1422,220,52,54,402,254,.281,.378,1,1908,4,1985,bumbral01
FALSE,TRUE,Howard Johnson,14,4940,760,1229,247,22,228,760,231,.249,.446,2,2204,6,1995,johnsho01
FALSE,TRUE,Leo Cardenas,16,6707,662,1725,285,49,118,689,39,.257,.367,5,2462,2,1975,cardele01
FALSE,TRUE,Rusty Staub,23,9720,1189,2716,499,47,292,1466,47,.279,.431,6,4185,3,1985,staubru01
FALSE,TRUE,Tony Lazzeri,14,6297,986,1840,334,115,178,1191,148,.292,.467,1,2938,4,1939,lazzeto01
FALSE,TRUE,Shane Victorino,12,4630,731,1274,231,70,108,489,231,.275,.425,2,1969,7,2015,victosh01
FALSE,TRUE,Joe Carter,16,8422,1170,2184,432,53,396,1445,231,.259,.464,5,3910,13,1998,cartejo01
FALSE,TRUE,Jim Beauchamp,10,661,79,153,18,4,14,90,6,.231,.334,0,221,0,1973,beaucji01
FALSE,TRUE,Fred McGriff,19,8757,1349,2490,441,24,493,1550,72,.284,.509,5,4458,19,2004,mcgrifr01
FALSE,TRUE,Orlando Cabrera,15,7562,985,2055,459,32,123,854,216,.272,.390,0,2947,3,2011,cabreor01
